007%20-%20Everything%20or%20Nothing%20%28U%29%20%28M3%29.zip|007 - Everything or Nothing (U) (M3)|4.9M
2%20Games%20in%201%20-%20Power%20Rangers%20-%20Ninja%20Storm%20%26%20Power%20Rangers%20-%20Time%20Force%20%28U%29.zip|2 Games in 1 - Power Rangers - Ninja Storm & Power Rangers - Time Force (U)|3.8M
2%20Games%20in%201%20-%20Scooby-Doo%21%20-%20Mystery%20Mayhem%20%26%20Scooby-Doo%21%20and%20the%20Cyber%20Chase%20%28U%29.zip|2 Games in 1 - Scooby-Doo! - Mystery Mayhem & Scooby-Doo! and the Cyber Chase (U)|6.1M
2%20Games%20in%201%20-%20SpongeBob%20SquarePants%20-%20SuperSponge%20%26%20Revenge%20of%20the%20Flying%20Dutchman%20%28U%29.zip|2 Games in 1 - SpongeBob SquarePants - SuperSponge & Revenge of the Flying Dutchman (U)|3.3M
2-in-1%20-%20Cartoon%20Network%20-%20Block%20Party%20%26%20Cartoon%20Network%20-%20Speedway%20%28U%29.zip|2-in-1 - Cartoon Network - Block Party & Cartoon Network - Speedway (U)|9.1M
2-in-1%20-%20Castlevania%20Double%20Pack%20-%20Harmony%20of%20Dissonance%20%26%20Aria%20of%20Sorrow%20%28U%29.zip|2-in-1 - Castlevania Double Pack - Harmony of Dissonance & Aria of Sorrow (U)|15.2M
2-in-1%20-%20Crash%20Bandicoot%20Purple%20-%20Ripto%27s%20Rampage%20%26%20Spyro%20Orange%20-%20The%20Cortex%20Conspiracy%20%28U%29.zip|2-in-1 - Crash Bandicoot Purple - Ripto's Rampage & Spyro Orange - The Cortex Conspiracy (U)|11.9M
2-in-1%20-%20Dragon%20Ball%20Z%20Gamepack%20-%20Buu%27s%20Fury%20%26%20GT%20-%20Transformation%20%28U%29.zip|2-in-1 - Dragon Ball Z Gamepack - Buu's Fury & GT - Transformation (U)|10.8M
2-in-1%20-%20Dragon%20Ball%20Z%20Gamepack%20-%20The%20Legacy%20of%20Goku%20I%20%26%20II%20%28U%29.zip|2-in-1 - Dragon Ball Z Gamepack - The Legacy of Goku I & II (U)|4.3M
2-in-1%20-%20Golden%20Nugget%20Casino%20%26%20Texas%20Hold%27em%20Poker%20%28U%29.zip|2-in-1 - Golden Nugget Casino & Texas Hold'em Poker (U)|6.6M
2-in-1%20-%20Hot%20Wheels%20-%20Stunt%20Track%20Challenge%20%26%20Hot%20Wheels%20-%20World%20Race%20%28U%29.zip|2-in-1 - Hot Wheels - Stunt Track Challenge & Hot Wheels - World Race (U)|6.2M
2-in-1%20-%20Hot%20Wheels%20-%20Velocity%20X%20%26%20Hot%20Wheels%20-%20World%20Race%20%28U%29.zip|2-in-1 - Hot Wheels - Velocity X & Hot Wheels - World Race (U)|2.2M
2-in-1%20-%20Matchbox%20Missions%20%28U%29.zip|2-in-1 - Matchbox Missions (U)|1.2M
2-in-1%20-%20Paperboy%20%26%20Rampage%20%28U%29.zip|2-in-1 - Paperboy & Rampage (U)|5.3M
2-in-1%20-%20Quad%20Desert%20Fury%20%26%20Monster%20Trucks%20%28U%29.zip|2-in-1 - Quad Desert Fury & Monster Trucks (U)|8.3M
2-in-1%20-%20Shark%20Tale%20%26%20Shrek%202%20%28U%29.zip|2-in-1 - Shark Tale & Shrek 2 (U)|6.2M
2-in-1%20-%20Sonic%20Gamepack%20-%20Sonic%20Pinball%20Party%20%26%20Sonic%20Advance%20%28U%29.zip|2-in-1 - Sonic Gamepack - Sonic Pinball Party & Sonic Advance (U)|8.9M
2-in-1%20-%20Spider-Man%20%26%20Spider-Man%202%20%28U%29.zip|2-in-1 - Spider-Man & Spider-Man 2 (U)|7.9M
2-in-1%20-%20Spider-Man%20-%20Mysterio%27s%20Menace%20%26%20X2%20-%20Wolverine%27s%20Revenge%20%28U%29.zip|2-in-1 - Spider-Man - Mysterio's Menace & X2 - Wolverine's Revenge (U)|689.0K
2-in-1%20-%20Spy%20Hunter%20%26%20Super%20Sprint%20%28U%29.zip|2-in-1 - Spy Hunter & Super Sprint (U)|11.0M
2-in-1%20-%20Tony%20Hawk%27s%20Underground%20%26%20Kelly%20Slater%27s%20Pro%20Surfer%20%28U%29.zip|2-in-1 - Tony Hawk's Underground & Kelly Slater's Pro Surfer (U)|1.3M
2-in-1%20-%20Uno%20%26%20Skin%20Bo%20%28U%29.zip|2-in-1 - Uno & Skin Bo (U)|20.2M
2-in-1%20-%20Yu-Gi-Oh%21%20Gamepack%20-%20The%20Sacred%20Cards%20%26%20Reshef%20of%20Destruction%20%28U%29.zip|2-in-1 - Yu-Gi-Oh! Gamepack - The Sacred Cards & Reshef of Destruction (U)|1.1M
3-in-1%20-%20Candy%20Land%2C%20Chutes%20and%20Ladders%2C%20Memory%20%28U%29.zip|3-in-1 - Candy Land, Chutes and Ladders, Memory (U)|1.4M
3-in-1%20-%20Life%2C%20Yahtzee%2C%20Payday%20%28U%29.zip|3-in-1 - Life, Yahtzee, Payday (U)|2.8M
3-in-1%20-%20Majesco%20Sports%20Pack%20-%20Paintball%20Splat%21%20%26%20Dodgeball%20%26%20Big%20Alley%20Bowling%20%28U%29.zip|3-in-1 - Majesco Sports Pack - Paintball Splat! & Dodgeball & Big Alley Bowling (U)|1.1M
3-in-1%20-%20Mousetrap%2C%20Simon%2C%20Operation%20%28U%29.zip|3-in-1 - Mousetrap, Simon, Operation (U)|1.4M
3-in-1%20-%20Sorry%20%26%20Aggravation%20%26%20Scrabble%20Junior%20%28U%29.zip|3-in-1 - Sorry & Aggravation & Scrabble Junior (U)|747.6K
3-in-1%20-%20Super%20Breakout%20%26%20Lunar%20Lander%20%26%20Millipede%20%28U%29.zip|3-in-1 - Super Breakout & Lunar Lander & Millipede (U)|1.0M
3-in-1%20Pong%2C%20Asteroids%2C%20Yar%27s%20Revenge%20%28U%29.zip|3-in-1 Pong, Asteroids, Yar's Revenge (U)|3.1M
ATV%20Quad%20Power%20Racing%20%28U%29.zip|ATV Quad Power Racing (U)|2.8M
ATV%20Thunder%20Ridge%20Riders%20%28U%29.zip|ATV Thunder Ridge Riders (U)|2.0M
Ace%20Combat%20Advance%20%28U%29.zip|Ace Combat Advance (U)|4.8M
Activision%20Anthology%20%28U%29.zip|Activision Anthology (U)|4.3M
Advance%20Guardian%20Heroes%20%28U%29.zip|Advance Guardian Heroes (U)|2.3M
Advance%20Wars%20%28U%29%20%28V1.1%29%20%5B%21%5D.zip|Advance Wars (U) (V1.1) [!]|4.0M
Advance%20Wars%202%20-%20Black%20Hole%20Rising%20%28U%29%20%5B%21%5D.zip|Advance Wars 2 - Black Hole Rising (U) [!]|2.4M
Adventures%20of%20Jimmy%20Neutron%20Boy%20Genius%20vs.%20Jimmy%20Negatron%2C%20The%20%28U%29.zip|Adventures of Jimmy Neutron Boy Genius vs. Jimmy Negatron, The (U)|2.7M
Adventures%20of%20Jimmy%20Neutron%20Boy%20Genius%2C%20The%20-%20Attack%20of%20the%20Twonkies%20%28U%29.zip|Adventures of Jimmy Neutron Boy Genius, The - Attack of the Twonkies (U)|2.2M
Adventures%20of%20Jimmy%20Neutron%20Boy%20Genius%2C%20The%20-%20Jet%20Fusion%20%28U%29.zip|Adventures of Jimmy Neutron Boy Genius, The - Jet Fusion (U)|1.5M
Aero%20the%20Acro-Bat%20-%20Rascal%20Rival%20Revenge%20%28U%29.zip|Aero the Acro-Bat - Rascal Rival Revenge (U)|1.6M
Agassi%20Tennis%20Generation%20%28U%29.zip|Agassi Tennis Generation (U)|4.2M
Aggressive%20Inline%20%28U%29.zip|Aggressive Inline (U)|2.3M
Alex%20Rider%20Stormbreaker%20%28U%29.zip|Alex Rider Stormbreaker (U)|1.6M
Alienators%20-%20Evolution%20Continues%20%28U%29%20%5B%21%5D.zip|Alienators - Evolution Continues (U) [!]|2.1M
All-Star%20Baseball%202003%20%28U%29.zip|All-Star Baseball 2003 (U)|4.6M
All-Star%20Baseball%202004%20%28U%29.zip|All-Star Baseball 2004 (U)|4.8M
Altered%20Beast%20-%20Guardian%20of%20the%20Realms%20%28U%29.zip|Altered Beast - Guardian of the Realms (U)|2.4M
Amazing%20Virtual%20Sea%20Monkeys%2C%20The%20%28U%29.zip|Amazing Virtual Sea Monkeys, The (U)|1.4M
American%20Bass%20Challenge%20%28U%29%20%5B%21%5D.zip|American Bass Challenge (U) [!]|12.1M
American%20Idol%20%28U%29.zip|American Idol (U)|1.7M
An%20American%20Tail%20-%20Fievel%27s%20Gold%20Rush%20%28U%29%20%28M2%29.zip|An American Tail - Fievel's Gold Rush (U) (M2)|758.2K
Anguna%20-%20Warriors%20of%20Virtue.zip|Anguna - Warriors of Virtue|839.5K
Animal%20Snap%20-%20Rescue%20Them%202%20by%202%20%28U%29%20%5B%21%5D.zip|Animal Snap - Rescue Them 2 by 2 (U) [!]|3.2M
Ant%20Bully%2C%20The%20%28U%29.zip|Ant Bully, The (U)|1.9M
Antz%20-%20Extreme%20Racing%20%28U%29%20%5B%21%5D.zip|Antz - Extreme Racing (U) [!]|332.6K
Archer%20Maclean%27s%203D%20Pool%20%28U%29.zip|Archer Maclean's 3D Pool (U)|1.8M
Archer%20Maclean%27s%20Super%20Dropzone%20%28U%29.zip|Archer Maclean's Super Dropzone (U)|2.1M
Army%20Men%20-%20Operation%20Green%20%28U%29%20%28M5%29.zip|Army Men - Operation Green (U) (M5)|3.6M
Army%20Men%20-%20Turf%20Wars%20%28U%29%20%5BhI%5D.zip|Army Men - Turf Wars (U) [hI]|1.4M
Army%20Men%20Advance%20%28U%29%20%28M5%29%20%5B%21%5D.zip|Army Men Advance (U) (M5) [!]|2.2M
Around%20the%20World%20in%2080%20Days%20%28U%29.zip|Around the World in 80 Days (U)|5.0M
Astro%20Boy%20-%20Omega%20Factor%20%28U%29%20%28M6%29.zip|Astro Boy - Omega Factor (U) (M6)|999.1K
Atari%20Anniversary%20Advance%20%28U%29%20%5B%21%5D.zip|Atari Anniversary Advance (U) [!]|2.2M
Atlantis%20-%20The%20Lost%20Empire%20%28U%29.zip|Atlantis - The Lost Empire (U)|2.4M
Atomic%20Betty%20%28U%29.zip|Atomic Betty (U)|2.9M
Avatar%20-%20The%20Last%20Airbender%20%28U%29.zip|Avatar - The Last Airbender (U)|4.7M
BMX%20Trick%20Racer%20%28U%29%20%5BhI%5D.zip|BMX Trick Racer (U) [hI]|2.0M
Babar%20to%20The%20Rescue%20%28U%29%20%28M3%29.zip|Babar to The Rescue (U) (M3)|1.8M
Backtrack%20%28U%29%20%5B%21%5D.zip|Backtrack (U) [!]|2.7M
Backyard%20Baseball%20%28U%29.zip|Backyard Baseball (U)|2.4M
Backyard%20Baseball%202006%20%28U%29.zip|Backyard Baseball 2006 (U)|1.8M
Backyard%20Basketball%20%28U%29.zip|Backyard Basketball (U)|2.0M
Backyard%20Football%20%28U%29%20%5B%21%5D.zip|Backyard Football (U) [!]|1.9M
Backyard%20Football%202006%20%28U%29.zip|Backyard Football 2006 (U)|2.1M
Backyard%20Hockey%20%28U%29.zip|Backyard Hockey (U)|2.2M
Backyard%20Skateboarding%20%28U%29.zip|Backyard Skateboarding (U)|2.3M
Backyard%20Sports%20Baseball%202007%20%28U%29.zip|Backyard Sports Baseball 2007 (U)|1.6M
Backyard%20Sports%20Basketball%202007%20%28U%29.zip|Backyard Sports Basketball 2007 (U)|1.9M
Backyard%20Sports%20Football%202007%20%28U%29.zip|Backyard Sports Football 2007 (U)|5.4M
Baldur%27s%20Gate%20-%20Dark%20Alliance%20%28U%29.zip|Baldur's Gate - Dark Alliance (U)|4.1M
Ballistic%20-%20Ecks%20vs.%20Sever%20%28U%29.zip|Ballistic - Ecks vs. Sever (U)|7.1M
Banjo%20Pilot%20%28U%29.zip|Banjo Pilot (U)|4.1M
Banjo-Kazooie%20-%20Grunty%27s%20Revenge%20%28U%29%20%5B%21%5D.zip|Banjo-Kazooie - Grunty's Revenge (U) [!]|1.1M
Barbie%20-%20The%20Princess%20and%20the%20Pauper%20%28U%29.zip|Barbie - The Princess and the Pauper (U)|4.6M
Barbie%20Diaries%2C%20The%20-%20High%20School%20Mystery%20%28U%29.zip|Barbie Diaries, The - High School Mystery (U)|1.3M
Barbie%20Groovy%20Games%20%28U%29.zip|Barbie Groovy Games (U)|2.1M
Barbie%20Horse%20Adventures%20%28U%29.zip|Barbie Horse Adventures (U)|1.2M
Barbie%20Secret%20Agent%20%28U%29.zip|Barbie Secret Agent (U)|2.5M
Barbie%20Superpack%20-%20Secret%20Agent%20%26%20Groovy%20Games%20%28U%29.zip|Barbie Superpack - Secret Agent & Groovy Games (U)|1.8M
Barbie%20and%20The%20Magic%20of%20Pegasus%20%28U%29.zip|Barbie and The Magic of Pegasus (U)|1.5M
Barbie%20in%20the%2012%20Dancing%20Princesses%20%28U%29.zip|Barbie in the 12 Dancing Princesses (U)|3.4M
Barnyard%20%28U%29.zip|Barnyard (U)|3.1M
Baseball%20Advance%20%28U%29%20%5B%21%5D.zip|Baseball Advance (U) [!]|4.5M
Batman%20-%20Rise%20of%20Sin%20Tzu%20%28U%29%20%28M3%29%20%5Bt1%5D.zip|Batman - Rise of Sin Tzu (U) (M3) [t1]|5.2M
Batman%20-%20Vengeance%20%28U%29%20%5B%21%5D.zip|Batman - Vengeance (U) [!]|6.8M
Batman%20Begins%20%28U%29%20%28M6%29.zip|Batman Begins (U) (M6)|5.5M
Battle%20B-Daman%20%28U%29.zip|Battle B-Daman (U)|5.7M
Battle%20B-Daman%20-%20Fire%20Spirits%21%20%28U%29.zip|Battle B-Daman - Fire Spirits! (U)|4.9M
BattleBots%20-%20Beyond%20the%20Battlebox%20%28U%29.zip|BattleBots - Beyond the Battlebox (U)|3.0M
BattleBots%20-%20Design%20%26%20Destroy%20%28U%29.zip|BattleBots - Design & Destroy (U)|1.6M
Berenstain%20Bears%20and%20the%20Spooky%20Old%20Tree%2C%20The%20%28U%29.zip|Berenstain Bears and the Spooky Old Tree, The (U)|2.0M
Beyblade%20G-Revolution%20%28U%29.zip|Beyblade G-Revolution (U)|3.7M
Beyblade%20VForce%20-%20Ultimate%20Blader%20Jam%20%28U%29.zip|Beyblade VForce - Ultimate Blader Jam (U)|3.7M
Bible%20Game%2C%20The%20%28U%29.zip|Bible Game, The (U)|2.2M
Big%20Mutha%20Truckers%20%28U%29.zip|Big Mutha Truckers (U)|5.3M
Bionicle%20-%20Maze%20of%20Shadows%20%28U%29.zip|Bionicle - Maze of Shadows (U)|2.1M
BlackThorne%20%28U%29.zip|BlackThorne (U)|3.2M
Blades%20of%20Thunder%20%28U%29.zip|Blades of Thunder (U)|635.1K
Blast%20Arena%20Advance.zip|Blast Arena Advance|2.5M
Blender%20Bros.%20%28U%29%20%5B%21%5D.zip|Blender Bros. (U) [!]|1.1M
Board%20Game%20Classics%20%28U%29.zip|Board Game Classics (U)|8.0M
Boktai%20-%20The%20Sun%20is%20in%20Your%20Hand%20%28U%29%20%5B%21%5D.zip|Boktai - The Sun is in Your Hand (U) [!]|7.2M
Boktai%202%20-%20Solar%20Boy%20Django%20%28U%29.zip|Boktai 2 - Solar Boy Django (U)|4.3M
Bomberman%20Max%202%20-%20Blue%20%28U%29%20%5BhI%5D.zip|Bomberman Max 2 - Blue (U) [hI]|4.3M
Bomberman%20Max%202%20-%20Red%20%28U%29%20%5BhI%5D.zip|Bomberman Max 2 - Red (U) [hI]|2.4M
Bomberman%20Tournament%20%28U%29%20%5B%21%5D.zip|Bomberman Tournament (U) [!]|1.8M
Bookworm%20%28U%29.zip|Bookworm (U)|2.3M
Boulder%20Dash%20EX%20%28U%29.zip|Boulder Dash EX (U)|4.8M
Boxing%20Fever%20%28U%29.zip|Boxing Fever (U)|3.3M
Bratz%20%28U%29%20%28M3%29.zip|Bratz (U) (M3)|2.3M
Bratz%20-%20Forever%20Diamondz%20%28U%29.zip|Bratz - Forever Diamondz (U)|3.9M
Bratz%20-%20Rock%20Angelz%20%28U%29.zip|Bratz - Rock Angelz (U)|1.0M
Breakout%2C%20Centipede%2C%20Warlords%20%28U%29.zip|Breakout, Centipede, Warlords (U)|1.7M
Breath%20of%20Fire%20%28U%29%20%5B%21%5D.zip|Breath of Fire (U) [!]|2.2M
Breath%20of%20Fire%20II%20%28U%29%20%5B%21%5D.zip|Breath of Fire II (U) [!]|6.8M
Britney%27s%20Dance%20Beat%20%28U%29.zip|Britney's Dance Beat (U)|4.9M
Broken%20Circle.zip|Broken Circle|5.6M
Broken%20Sword%20-%20The%20Shadow%20of%20The%20Templars%20%28U%29%20%5B%21%5D.zip|Broken Sword - The Shadow of The Templars (U) [!]|4.3M
Bruce%20Lee%20-%20Return%20of%20the%20Legend%20%28U%29.zip|Bruce Lee - Return of the Legend (U)|1.3M
Bubble%20Bobble%20-%20Old%20%26%20New%20%28U%29.zip|Bubble Bobble - Old & New (U)|2.5M
Buffy%20-%20The%20Vampire%20Slayer%20%28U%29%20%5BhI%5D.zip|Buffy - The Vampire Slayer (U) [hI]|2.0M
Butt-Ugly%20Martians%20-%20B.K.M.%20Battles%20%28U%29.zip|Butt-Ugly Martians - B.K.M. Battles (U)|2.4M
CIMA%20-%20The%20Enemy%20%28U%29.zip|CIMA - The Enemy (U)|1.9M
CT%20Special%20Forces%20%28U%29%20%28M6%29.zip|CT Special Forces (U) (M6)|3.6M
CT%20Special%20Forces%202%20-%20Back%20in%20The%20Trenches%20%28U%29%20%28M6%29.zip|CT Special Forces 2 - Back in The Trenches (U) (M6)|3.6M
CT%20Special%20Forces%203%20-%20Bioterror%20%28E%29%20%28M6%29.zip|CT Special Forces 3 - Bioterror (E) (M6)|1.7M
Cabbage%20Patch%20Kids%20-%20The%20Patch%20Puppy%20Rescue%20%28U%29.zip|Cabbage Patch Kids - The Patch Puppy Rescue (U)|3.1M
Cabela%27s%20Big%20Game%20Hunter%20%28U%29.zip|Cabela's Big Game Hunter (U)|2.2M
Cabela%27s%20Big%20Game%20Hunter%20-%202005%20Adventures%20%28U%29.zip|Cabela's Big Game Hunter - 2005 Adventures (U)|3.4M
Caesar%27s%20Palace%20Advance%20%28U%29%20%5B%21%5D.zip|Caesar's Palace Advance (U) [!]|1.3M
Camp%20Lazlo%20-%20Leaky%20Lake%20Games%20%28U%29.zip|Camp Lazlo - Leaky Lake Games (U)|582.7K
Capcom%20Classics%20-%20Mini%20Mix%20%28U%29.zip|Capcom Classics - Mini Mix (U)|3.2M
Car%20Battler%20Joe%20%28U%29%20%5B%21%5D.zip|Car Battler Joe (U) [!]|3.2M
Card%20E-Reader%2B%20%28U%29%20%5B%21%5D.zip|Card E-Reader+ (U) [!]|1.5M
Care%20Bears%20-%20The%20Care%20Quests%20%28U%29%20%28M3%29.zip|Care Bears - The Care Quests (U) (M3)|4.3M
Cars%20%28U%29.zip|Cars (U)|1.5M
Cartoon%20Network%20-%20Block%20Party%20%28U%29.zip|Cartoon Network - Block Party (U)|1.7M
Cartoon%20Network%20-%20Speedway%20%28U%29.zip|Cartoon Network - Speedway (U)|1.3M
Casper%20%28U%29.zip|Casper (U)|4.2M
Castlevania%20-%20Aria%20of%20Sorrow%20%28U%29%20%5B%21%5D.zip|Castlevania - Aria of Sorrow (U) [!]|3.8M
Castlevania%20-%20Circle%20of%20the%20Moon%20%28U%29%20%5B%21%5D.zip|Castlevania - Circle of the Moon (U) [!]|4.9M
Castlevania%20-%20Harmony%20of%20Dissonance%20%28U%29%20%5B%21%5D.zip|Castlevania - Harmony of Dissonance (U) [!]|6.0M
Catwoman%20%28U%29%20%28M7%29.zip|Catwoman (U) (M7)|1.2M
Catz%20%28U%29.zip|Catz (U)|870.8K
Celeste%20Classic.zip|Celeste Classic|3.8M
Charlie%20and%20the%20Chocolate%20Factory%20%28U%29%20%28M4%29.zip|Charlie and the Chocolate Factory (U) (M4)|4.2M
Cheetah%20Girls%2C%20The%20%28U%29.zip|Cheetah Girls, The (U)|1.6M
Chessmaster%20%28U%29.zip|Chessmaster (U)|3.4M
Chicken%20Little%20%28U%29%20%28M6%29.zip|Chicken Little (U) (M6)|1.3M
Chicken%20Shoot%20%28U%29.zip|Chicken Shoot (U)|1.3M
Chicken%20Shoot%202%20%28U%29.zip|Chicken Shoot 2 (U)|13.9M
Chronicles%20of%20Narnia%2C%20The%20%28UE%29%20%28M8%29.zip|Chronicles of Narnia, The (UE) (M8)|2.3M
Chu%20Chu%20Rocket%20%28U%29%20%28M5%29%20%5B%21%5D.zip|Chu Chu Rocket (U) (M5) [!]|1,017.6K
Classic%20NES%20Series%20-%20Bomberman%20%28U%29.zip|Classic NES Series - Bomberman (U)|1,010.7K
Classic%20NES%20Series%20-%20Castlevania%20%28U%29.zip|Classic NES Series - Castlevania (U)|989.0K
Classic%20NES%20Series%20-%20Donkey%20Kong%20%28U%29.zip|Classic NES Series - Donkey Kong (U)|932.7K
Classic%20NES%20Series%20-%20Dr.%20Mario%20%28U%29.zip|Classic NES Series - Dr. Mario (U)|1,018.2K
Classic%20NES%20Series%20-%20Excitebike%20%28U%29.zip|Classic NES Series - Excitebike (U)|988.2K
Classic%20NES%20Series%20-%20Ice%20Climber%20%28U%29.zip|Classic NES Series - Ice Climber (U)|995.1K
Classic%20NES%20Series%20-%20Metroid%20%28U%29.zip|Classic NES Series - Metroid (U)|987.6K
Classic%20NES%20Series%20-%20Pac-Man%20%28U%29.zip|Classic NES Series - Pac-Man (U)|988.2K
Classic%20NES%20Series%20-%20Super%20Mario%20Bros.%20%28U%29.zip|Classic NES Series - Super Mario Bros. (U)|1,013.6K
Classic%20NES%20Series%20-%20The%20Legend%20of%20Zelda%20%28U%29.zip|Classic NES Series - The Legend of Zelda (U)|961.3K
Classic%20NES%20Series%20-%20Xevious%20%28U%29.zip|Classic NES Series - Xevious (U)|546.7K
Classic%20NES%20Series%20-%20Zelda%20II%20-%20The%20Adventure%20of%20Link%20%28U%29.zip|Classic NES Series - Zelda II - The Adventure of Link (U)|44.4K
Code%20Breaker%20%28U%29.zip|Code Breaker (U)|3.7M
Codename%20Kids%20Next%20Door%20-%20Operation%20S.O.D.A.%20%28U%29.zip|Codename Kids Next Door - Operation S.O.D.A. (U)|2.1M
Colin%20McRae%20Rally%202.0%20%28U%29.zip|Colin McRae Rally 2.0 (U)|3.2M
Columns%20Crown%20%28U%29%20%5B%21%5D.zip|Columns Crown (U) [!]|886.8K
Connect%20Four%2C%20Perfection%2C%20Trouble%20%28U%29.zip|Connect Four, Perfection, Trouble (U)|1.8M
Contra%20Advance%20-%20The%20Alien%20Wars%20EX%20%28U%29%20%5BhI%5D.zip|Contra Advance - The Alien Wars EX (U) [hI]|5.4M
Corvette%2050th%20Anniversary%20%28U%29%20%28M5%29.zip|Corvette 50th Anniversary (U) (M5)|4.3M
Crash%20Bandicoot%20-%20The%20Huge%20Adventure%20%28U%29%20%5B%21%5D.zip|Crash Bandicoot - The Huge Adventure (U) [!]|4.1M
Crash%20Bandicoot%202%20-%20N-Tranced%20%28U%29.zip|Crash Bandicoot 2 - N-Tranced (U)|7.4M
Crash%20Bandicoot%20Purple%20-%20Ripto%27s%20Rampage%20%28U%29.zip|Crash Bandicoot Purple - Ripto's Rampage (U)|3.9M
Crash%20Nitro%20Kart%20%28U%29.zip|Crash Nitro Kart (U)|8.1M
Crash%20Superpack%20-%20Crash%20Bandicoot%202%20-%20N-Tranced%20%26%20Crash%20Nitro%20Kart%20%28U%29.zip|Crash Superpack - Crash Bandicoot 2 - N-Tranced & Crash Nitro Kart (U)|2.0M
Crazy%20Chase%20%28U%29.zip|Crazy Chase (U)|3.3M
Crazy%20Taxi%20%28U%29.zip|Crazy Taxi (U)|4.1M
Crouching%20Tiger%2C%20Hidden%20Dragon%20%28U%29%20%28M3%29%20%5BhI%5D.zip|Crouching Tiger, Hidden Dragon (U) (M3) [hI]|1.8M
Cruis%27n%20Velocity%20%28U%29.zip|Cruis'n Velocity (U)|2.5M
Crushed%20Baseball%20%28U%29.zip|Crushed Baseball (U)|4.8M
Cubix%20-%20Robots%20for%20Everyone%20-%20Clash%20%27n%20Bash%20%28U%29.zip|Cubix - Robots for Everyone - Clash 'n Bash (U)|2.0M
Curious%20George%20%28U%29.zip|Curious George (U)|1.9M
DK%20-%20King%20of%20Swing%20%28U%29.zip|DK - King of Swing (U)|1.8M
Danny%20Phantom%20-%20The%20Ultimate%20Enemy%20%28U%29.zip|Danny Phantom - The Ultimate Enemy (U)|2.4M
Danny%20Phantom%20-%20Urban%20Jungle%20%28U%29.zip|Danny Phantom - Urban Jungle (U)|3.1M
Daredevil%20%28U%29.zip|Daredevil (U)|3.6M
Dark%20Arena%20%28U%29%20%5B%21%5D.zip|Dark Arena (U) [!]|2.1M
Dave%20Mirra%20Freestyle%20BMX%202%20%28U%29%20%5B%21%5D.zip|Dave Mirra Freestyle BMX 2 (U) [!]|4.1M
Dave%20Mirra%20Freestyle%20BMX%203%20%28U%29.zip|Dave Mirra Freestyle BMX 3 (U)|806.0K
David%20Beckham%20Soccer%20%28U%29%20%5B%21%5D.zip|David Beckham Soccer (U) [!]|1.2M
Davis%20Cup%20%28U%29.zip|Davis Cup (U)|3.5M
Dead%20to%20Rights%20%28U%29.zip|Dead to Rights (U)|364.7K
Deadpool.zip|Deadpool|1.7M
Defender%20%28U%29.zip|Defender (U)|1.5M
Defender%20of%20The%20Crown%20%28U%29.zip|Defender of The Crown (U)|5.4M
DemiKids%20-%20Dark%20Version%20%28U%29%20%5B%21%5D.zip|DemiKids - Dark Version (U) [!]|5.3M
DemiKids%20-%20Light%20Version%20%28U%29%20%5B%21%5D.zip|DemiKids - Light Version (U) [!]|1.5M
Demon%20Driver%20-%20Time%20to%20Burn%20Rubber%21%20%28U%29%20%5B%21%5D.zip|Demon Driver - Time to Burn Rubber! (U) [!]|1.1M
Denki%20Blocks%21%20%28U%29%20%28M2%29.zip|Denki Blocks! (U) (M2)|2.2M
Desert%20Strike%20Advance%20%28U%29.zip|Desert Strike Advance (U)|3.0M
Dexter%27s%20Lab%20-%20Chess%20Challenge%20%28U%29.zip|Dexter's Lab - Chess Challenge (U)|1.3M
Dexter%27s%20Lab%20-%20Deesaster%20Strikes%21%20%28U%29%20%28M5%29.zip|Dexter's Lab - Deesaster Strikes! (U) (M5)|1.2M
Digimon%20-%20Battle%20Spirit%20%28U%29.zip|Digimon - Battle Spirit (U)|1.5M
Digimon%20-%20Battle%20Spirit%202%20%28U%29%20%28M5%29.zip|Digimon - Battle Spirit 2 (U) (M5)|5.8M
Digimon%20Racing%20%28U%29%20%28M5%29.zip|Digimon Racing (U) (M5)|4.2M
Dinotopia%20-%20The%20Timestone%20Pirates%20%28U%29%20%5BhI%5D.zip|Dinotopia - The Timestone Pirates (U) [hI]|3.0M
Disney%20Princess%20%28U%29%20%5Bt1%5D.zip|Disney Princess (U) [t1]|3.4M
Disney%20Princess%20-%20Royal%20Adventure%20%28U%29.zip|Disney Princess - Royal Adventure (U)|7.7M
Disney%20Sports%20-%20American%20Football%20%28U%29.zip|Disney Sports - American Football (U)|8.2M
Disney%20Sports%20-%20Basketball%20%28U%29.zip|Disney Sports - Basketball (U)|6.7M
Disney%20Sports%20-%20Motocross%20%28U%29%20%5BhI%5D.zip|Disney Sports - Motocross (U) [hI]|7.6M
Disney%20Sports%20-%20Skateboarding%20%28U%29.zip|Disney Sports - Skateboarding (U)|11.6M
Disney%20Sports%20-%20Snowboarding%20%28U%29.zip|Disney Sports - Snowboarding (U)|9.9M
Disney%20Sports%20-%20Soccer%20%28U%29.zip|Disney Sports - Soccer (U)|2.3M
Disney%27s%20Aladdin%20%28U%29%20%28M4%29.zip|Disney's Aladdin (U) (M4)|3.1M
Disney%27s%20American%20Dragon%20Jake%20Long%20-%20Rise%20of%20the%20Huntsclan%21%20%28U%29%20%28M5%29.zip|Disney's American Dragon Jake Long - Rise of the Huntsclan! (U) (M5)|4.4M
Disney%27s%20Brother%20Bear%20%28U%29.zip|Disney's Brother Bear (U)|5.5M
Disney%27s%20Cinderella%20-%20Magical%20Dreams%20%28U%29%20%28M5%29.zip|Disney's Cinderella - Magical Dreams (U) (M5)|4.9M
Disney%27s%20Extreme%20Skate%20Adventure%20%28U%29.zip|Disney's Extreme Skate Adventure (U)|4.8M
Disney%27s%20Finding%20Nemo%20%28U%29.zip|Disney's Finding Nemo (U)|3.0M
Disney%27s%20Finding%20Nemo%20-%20The%20Continuing%20Adventures%20%28U%29.zip|Disney's Finding Nemo - The Continuing Adventures (U)|3.2M
Disney%27s%20Herbie%20-%20Fully%20Loaded%20%28U%29.zip|Disney's Herbie - Fully Loaded (U)|3.3M
Disney%27s%20Home%20on%20the%20Range%20%28U%29%20%5BhI%5D.zip|Disney's Home on the Range (U) [hI]|3.0M
Disney%27s%20Kim%20Possible%20-%20Revenge%20of%20Monkey%20Fist%20%28U%29%20%5BhI%5D.zip|Disney's Kim Possible - Revenge of Monkey Fist (U) [hI]|3.7M
Disney%27s%20Kim%20Possible%202%20-%20Drakken%27s%20Demise%20%28U%29.zip|Disney's Kim Possible 2 - Drakken's Demise (U)|3.6M
Disney%27s%20Kim%20Possible%203%20-%20Team%20Possible%20%28U%29.zip|Disney's Kim Possible 3 - Team Possible (U)|3.4M
Disney%27s%20Lilo%20%26%20Stitch%20%28U%29%20%5BhI%5D.zip|Disney's Lilo & Stitch (U) [hI]|3.9M
Disney%27s%20Lilo%20%26%20Stitch%202%20-%20Haemsterviel%20Havoc%20%28U%29.zip|Disney's Lilo & Stitch 2 - Haemsterviel Havoc (U)|5.3M
Disney%27s%20Little%20Einstein%20%28U%29.zip|Disney's Little Einstein (U)|1.5M
Disney%27s%20Magical%20Quest%20%28U%29%20%5BhI%5D%5Bt1%5D%5Bf_5%5D.zip|Disney's Magical Quest (U) [hI][t1][f_5]|2.3M
Disney%27s%20Magical%20Quest%202%20%28U%29%20%28M3%29.zip|Disney's Magical Quest 2 (U) (M3)|2.4M
Disney%27s%20Magical%20Quest%203%20Starring%20Mickey%20%26%20Donald%20%28U%29.zip|Disney's Magical Quest 3 Starring Mickey & Donald (U)|2.4M
Disney%27s%20Party%20%28U%29%20%28M5%29.zip|Disney's Party (U) (M5)|4.2M
Disney%27s%20Peter%20Pan%20-%20Return%20to%20Neverland%20%28U%29.zip|Disney's Peter Pan - Return to Neverland (U)|4.3M
Disney%27s%20Tarzan%20-%20Return%20to%20the%20Jungle%20%28U%29%20%5BhI%5D.zip|Disney's Tarzan - Return to the Jungle (U) [hI]|3.7M
Disney%27s%20That%27s%20SO%20Raven%20%28U%29.zip|Disney's That's SO Raven (U)|2.9M
Disney%27s%20That%27s%20SO%20Raven%202%20-%20Supernatural%20Style%20%28U%29.zip|Disney's That's SO Raven 2 - Supernatural Style (U)|3.0M
Disney%27s%20The%20Haunted%20Mansion%20%28U%29.zip|Disney's The Haunted Mansion (U)|6.7M
Disney%27s%20The%20Jungle%20Book%20%28U%29%20%28M6%29.zip|Disney's The Jungle Book (U) (M6)|4.4M
Disney%27s%20The%20Lion%20King%201.5%20%28U%29%20%5B%21%5D.zip|Disney's The Lion King 1.5 (U) [!]|4.2M
Disney%27s%20The%20Little%20Mermaid%20-%20Magic%20in%20Two%20Kingdoms%20%28U%29%20%28M5%29.zip|Disney's The Little Mermaid - Magic in Two Kingdoms (U) (M5)|5.3M
Disney%27s%20Treasure%20Planet%20%28U%29.zip|Disney's Treasure Planet (U)|3.1M
Dogz%20%28U%29.zip|Dogz (U)|2.7M
Dogz%20-%20Fashion%20%28U%29.zip|Dogz - Fashion (U)|3.0M
Dokapon%20Monster%20Hunter%20%28U%29%20%5B%21%5D.zip|Dokapon Monster Hunter (U) [!]|4.1M
Donald%20Duck%20Advance%20%28U%29%20%5B%21%5D.zip|Donald Duck Advance (U) [!]|5.4M
Donkey%20Kong%20Country%20%28U%29%20%5B%21%5D.zip|Donkey Kong Country (U) [!]|6.0M
Donkey%20Kong%20Country%202%20%28U%29.zip|Donkey Kong Country 2 (U)|11.3M
Donkey%20Kong%20Country%203%20%28U%29.zip|Donkey Kong Country 3 (U)|3.0M
Doom%20%28U%29%20%28M7%29%20%5B%21%5D.zip|Doom (U) (M7) [!]|8.4M
Doom%20II%20%28U%29.zip|Doom II (U)|2.5M
Dora%20the%20Explorer%20-%20Super%20Spies%20%28U%29.zip|Dora the Explorer - Super Spies (U)|2.5M
Dora%20the%20Explorer%20-%20Super%20Star%20Adventures%21%20%28U%29.zip|Dora the Explorer - Super Star Adventures! (U)|2.5M
Dora%20the%20Explorer%20-%20The%20Search%20for%20Pirate%20Pig%27s%20Treasure%20%28U%29%20%5BhI%5D.zip|Dora the Explorer - The Search for Pirate Pig's Treasure (U) [hI]|1.9M
Dora%27s%20World%20Adventure%20%28U%29.zip|Dora's World Adventure (U)|1.8M
Double%20Dragon%20Advance%20%28U%29.zip|Double Dragon Advance (U)|1.9M
Downforce%20%28U%29%20%5BhI%5D.zip|Downforce (U) [hI]|2.2M
Dr.%20Mario%20%26%20Puzzle%20League%20%28U%29.zip|Dr. Mario & Puzzle League (U)|1.2M
Dr.%20Seuss%27%20Green%20Eggs%20and%20Ham%20%28U%29.zip|Dr. Seuss' Green Eggs and Ham (U)|1.2M
Dr.%20Seuss%27%20The%20Cat%20in%20the%20Hat%20%28U%29.zip|Dr. Seuss' The Cat in the Hat (U)|1.9M
Dr.%20Seuss%27%20The%20Cat%20in%20the%20Hat%20-%20Super%20Stoop%20%28U%29.zip|Dr. Seuss' The Cat in the Hat - Super Stoop (U)|889.2K
Dr.%20Sudoku%20%28U%29.zip|Dr. Sudoku (U)|5.1M
Dragon%20Ball%20-%20Advanced%20Adventure%20%28U%29.zip|Dragon Ball - Advanced Adventure (U)|5.9M
Dragon%20Ball%20GT%20-%20Transformation%20%28U%29.zip|Dragon Ball GT - Transformation (U)|5.9M
Dragon%20Ball%20Z%20-%20Buu%27s%20Fury%20%28U%29.zip|Dragon Ball Z - Buu's Fury (U)|8.7M
Dragon%20Ball%20Z%20-%20Supersonic%20Warriors%20%28U%29.zip|Dragon Ball Z - Supersonic Warriors (U)|4.7M
Dragon%20Ball%20Z%20-%20Taiketsu%20%28U%29%20%5B%21%5D.zip|Dragon Ball Z - Taiketsu (U) [!]|3.5M
Dragon%20Ball%20Z%20-%20The%20Collectible%20Card%20Game%20%28U%29.zip|Dragon Ball Z - The Collectible Card Game (U)|4.5M
Dragon%20Ball%20Z%20-%20The%20Legacy%20of%20Goku%20%28U%29%20%5B%21%5D.zip|Dragon Ball Z - The Legacy of Goku (U) [!]|6.2M
Dragon%20Ball%20Z%20-%20The%20Legacy%20of%20Goku%20II%20%28U%29%20%5B%21%5D.zip|Dragon Ball Z - The Legacy of Goku II (U) [!]|1.7M
Dragon%20Tales%20-%20Dragon%20Adventures%20%28U%29.zip|Dragon Tales - Dragon Adventures (U)|2.9M
Drill%20Dozer%20%28U%29.zip|Drill Dozer (U)|3.7M
Driv3r%20%28U%29.zip|Driv3r (U)|1.7M
Driven%20%28U%29%20%5B%21%5D.zip|Driven (U) [!]|2.8M
Driver%202%20Advance%20%28U%29.zip|Driver 2 Advance (U)|2.3M
Dual%20Blades%20%28U%29.zip|Dual Blades (U)|3.9M
Duel%20Masters%20-%20Kaijudo%20Showdown%20%28U%29.zip|Duel Masters - Kaijudo Showdown (U)|3.1M
Duel%20Masters%20-%20Sempai%20Legends%20%28U%29.zip|Duel Masters - Sempai Legends (U)|6.5M
Duel%20Masters%20-%20Shadow%20of%20the%20Code%20%28U%29.zip|Duel Masters - Shadow of the Code (U)|4.9M
Duke%20Nukem%20Advance%20%28U%29.zip|Duke Nukem Advance (U)|2.1M
Dungeons%20and%20Dragons%20-%20Eye%20of%20the%20Beholder%20%28U%29.zip|Dungeons and Dragons - Eye of the Beholder (U)|7.4M
Dynasty%20Warriors%20Advance%20%28U%29.zip|Dynasty Warriors Advance (U)|2.2M
E.T.%20The%20Extra-Terrestrial%20%28U%29.zip|E.T. The Extra-Terrestrial (U)|5.7M
ESPN%20Final%20Round%20Golf%202002%20%28U%29%20%5B%21%5D.zip|ESPN Final Round Golf 2002 (U) [!]|4.1M
ESPN%20Great%20Outdoor%20Games%20-%20Bass%202002%20%28U%29%20%5B%21%5D.zip|ESPN Great Outdoor Games - Bass 2002 (U) [!]|2.4M
ESPN%20International%20Winter%20Sports%202002%20%28U%29%20%5B%21%5D.zip|ESPN International Winter Sports 2002 (U) [!]|1.7M
ESPN%20Winter%20X-Games%20Snowboarding%202002%20%28U%29%20%5B%21%5D.zip|ESPN Winter X-Games Snowboarding 2002 (U) [!]|5.1M
ESPN%20X-Games%20Skateboarding%20%28U%29.zip|ESPN X-Games Skateboarding (U)|2.4M
Earthworm%20Jim%20%28U%29.zip|Earthworm Jim (U)|2.6M
Earthworm%20Jim%202%20%28U%29.zip|Earthworm Jim 2 (U)|4.2M
Ecks%20vs.%20Sever%20%28U%29%20%28M5%29.zip|Ecks vs. Sever (U) (M5)|2.1M
Ed%2C%20Edd%20n%20Eddy%20-%20Jawbreakers%21%20%28U%29%20%5BhI%5D.zip|Ed, Edd n Eddy - Jawbreakers! (U) [hI]|2.8M
Ed%2C%20Edd%20n%20Eddy%20-%20The%20Mis-Edventures%20%28U%29.zip|Ed, Edd n Eddy - The Mis-Edventures (U)|2.3M
Egg%20Mania%20%28U%29%20%5BhI%5D.zip|Egg Mania (U) [hI]|1.8M
Elf%20-%20The%20Movie%20%28U%29%20%28M5%29.zip|Elf - The Movie (U) (M5)|783.8K
Elf%20Bowling%201%20%26%202%20%28U%29.zip|Elf Bowling 1 & 2 (U)|1.4M
Evergirl%20%28U%29.zip|Evergirl (U)|2.2M
Extreme%20Ghostbusters%20-%20Code%20Ecto-1%20%28U%29.zip|Extreme Ghostbusters - Code Ecto-1 (U)|1.3M
F-14%20Tomcat%20%28U%29.zip|F-14 Tomcat (U)|2.1M
F-Zero%20-%20Maximum%20Velocity%20%28UE%29%20%5B%21%5D.zip|F-Zero - Maximum Velocity (UE) [!]|5.9M
F-Zero%20GP%20Legend%20%28U%29.zip|F-Zero GP Legend (U)|3.3M
F1%202002%20%28U%29.zip|F1 2002 (U)|3.9M
FIFA%2006%20%28UE%29%20%28M6%29.zip|FIFA 06 (UE) (M6)|3.8M
FIFA%202007%20%28U%29%20%28M4%29.zip|FIFA 2007 (U) (M4)|3.5M
FIFA%20Football%202004%20%28UE%29%20%28M6%29.zip|FIFA Football 2004 (UE) (M6)|4.2M
FIFA%20Football%202005%20%28UE%29%20%28M6%29.zip|FIFA Football 2005 (UE) (M6)|3.3M
FIFA%20World%20Cup%202006%20%28U%29%20%28M5%29.zip|FIFA World Cup 2006 (U) (M5)|2.1M
Fairly%20Odd%20Parents%21%2C%20The%20-%20Breakin%27%20da%20Rules%20%28U%29.zip|Fairly Odd Parents!, The - Breakin' da Rules (U)|1.3M
Fairly%20Odd%20Parents%21%2C%20The%20-%20Clash%20With%20The%20Anti-World%20%28U%29.zip|Fairly Odd Parents!, The - Clash With The Anti-World (U)|2.5M
Fairly%20Odd%20Parents%21%2C%20The%20-%20Enter%20the%20Cleft%20%28U%29%20%5BhI%5D.zip|Fairly Odd Parents!, The - Enter the Cleft (U) [hI]|2.2M
Fairly%20Odd%20Parents%21%2C%20The%20-%20Shadow%20Showdown%20%28U%29.zip|Fairly Odd Parents!, The - Shadow Showdown (U)|1.5M
Family%20Feud%20%28U%29.zip|Family Feud (U)|8.6M
Fantastic%204%20%28U%29.zip|Fantastic 4 (U)|3.7M
Fantastic%204%20-%20Flame%20On%20%28U%29.zip|Fantastic 4 - Flame On (U)|5.1M
Fear%20Factor%20Unleashed%20%28U%29.zip|Fear Factor Unleashed (U)|10.1M
Final%20Fantasy%20I%20%26%20II%20-%20Dawn%20of%20Souls%20%28U%29.zip|Final Fantasy I & II - Dawn of Souls (U)|4.5M
Final%20Fantasy%20IV%20Advance%20%28U%29.zip|Final Fantasy IV Advance (U)|5.5M
Final%20Fantasy%20Tactics%20Advance%20%28U%29%20%5B%21%5D.zip|Final Fantasy Tactics Advance (U) [!]|2.4M
Final%20Fight%20One%20%28U%29.zip|Final Fight One (U)|10.9M
Fire%20Emblem%20%28U%29%20%5B%21%5D.zip|Fire Emblem (U) [!]|9.5M
Fire%20Emblem%20-%20The%20Sacred%20Stones%20%28U%29.zip|Fire Emblem - The Sacred Stones (U)|4.1M
Fire%20Pro%20Wrestling%202%20%28U%29.zip|Fire Pro Wrestling 2 (U)|4.2M
Fire%20Pro%20Wrestling%20A%20%28U%29%20%5B%21%5D.zip|Fire Pro Wrestling A (U) [!]|2.6M
Flintstones%2C%20The%20-%20Big%20Trouble%20in%20Bedrock%20%28U%29%20%5B%21%5D.zip|Flintstones, The - Big Trouble in Bedrock (U) [!]|3.8M
Flushed%20Away%20%28U%29.zip|Flushed Away (U)|1.9M
Ford%20Racing%203%20%28U%29.zip|Ford Racing 3 (U)|1.8M
Fortress%20%28U%29%20%5B%21%5D.zip|Fortress (U) [!]|1.6M
Foster%27s%20Home%20for%20Imaginary%20Friends%20%28U%29.zip|Foster's Home for Imaginary Friends (U)|2.4M
Franklin%20the%20Turtle%20%28U%29%20%28M9%29.zip|Franklin the Turtle (U) (M9)|2.0M
Franklin%27s%20Great%20Adventure%20%28U%29%20%28M3%29.zip|Franklin's Great Adventure (U) (M3)|3.8M
Freekstyle%20%28U%29%20%5BhI%5D.zip|Freekstyle (U) [hI]|3.5M
Frogger%20Advance%20-%20The%20Great%20Quest%20%28U%29%20%5BhI%5D.zip|Frogger Advance - The Great Quest (U) [hI]|1.5M
Frogger%27s%20Adventures%20-%20Temple%20of%20The%20Frog%20%28U%29%20%28M5%29%20%5B%21%5D.zip|Frogger's Adventures - Temple of The Frog (U) (M5) [!]|3.9M
Frogger%27s%20Adventures%202%20-%20The%20Lost%20Wand%20%28U%29%20%28M2%29%20%5BhI%5D.zip|Frogger's Adventures 2 - The Lost Wand (U) (M2) [hI]|2.8M
Frogger%27s%20Journey%20-%20The%20Forgotten%20Relic%20%28U%29%20%5B%21%5D.zip|Frogger's Journey - The Forgotten Relic (U) [!]|525.8K
GP-1%20Racing%20%28U%29%20%28Beta%29.zip|GP-1 Racing (U) (Beta)|3.8M
GT%20Advance%202%20-%20Rally%20Racing%20%28U%29%20%5BhI%5D.zip|GT Advance 2 - Rally Racing (U) [hI]|5.1M
GT%20Advance%203%20-%20Pro%20Concept%20Racing%20%28U%29.zip|GT Advance 3 - Pro Concept Racing (U)|4.8M
GT%20Championship%20Racing%20%28U%29%20%5B%21%5D.zip|GT Championship Racing (U) [!]|3.0M
Gadget%20Racers%20%28U%29%20%5B%21%5D.zip|Gadget Racers (U) [!]|1.8M
Galidor%20-%20Defenders%20of%20the%20Outer%20Dimension%20%28U%29.zip|Galidor - Defenders of the Outer Dimension (U)|2.6M
Game%20%26%20Watch%20Gallery%204%20%28U%29%20%5B%21%5D.zip|Game & Watch Gallery 4 (U) [!]|1.1M
Games%20Explosion%20%28U%29.zip|Games Explosion (U)|3.2M
Garfield%20-%20The%20Search%20for%20Pooky%20%28U%29%20%28M5%29.zip|Garfield - The Search for Pooky (U) (M5)|1.6M
Garfield%20and%20His%20Nine%20Lives%20%28U%29%20%28M3%29.zip|Garfield and His Nine Lives (U) (M3)|2.0M
Gauntlet%20%26%20Rampart%20%28U%29.zip|Gauntlet & Rampart (U)|4.4M
Gauntlet%20-%20Dark%20Legacy%20%28U%29.zip|Gauntlet - Dark Legacy (U)|3.4M
Gekido%20Advance%20-%20Kintaro%27s%20Revenge%20%28U%29.zip|Gekido Advance - Kintaro's Revenge (U)|1.6M
Gem%20Smashers%20%28U%29.zip|Gem Smashers (U)|1.6M
Godzilla%20Domination%20%28U%29.zip|Godzilla Domination (U)|1.8M
Golden%20Nugget%20Casino%20%28U%29.zip|Golden Nugget Casino (U)|6.9M
Golden%20Sun%20%28UE%29%20%5B%21%5D.zip|Golden Sun (UE) [!]|12.5M
Golden%20Sun%20-%20The%20Lost%20Age%20%28UE%29%20%5B%21%5D.zip|Golden Sun - The Lost Age (UE) [!]|2.7M
Gorf.zip|Gorf|1.9M
Gradius%20Galaxies%20%28U%29%20%5B%21%5D.zip|Gradius Galaxies (U) [!]|5.7M
Grand%20Theft%20Auto%20Advance%20%28U%29.zip|Grand Theft Auto Advance (U)|3.6M
Greg%20Hastings%27%20Tournament%20Paintball%20Max%27d%20%28U%29.zip|Greg Hastings' Tournament Paintball Max'd (U)|1.5M
Gremlins%20-%20Stripe%20vs.%20Gizmo%20%28U%29.zip|Gremlins - Stripe vs. Gizmo (U)|3.6M
Guilty%20Gear%20X%20-%20Advance%20Edition%20%28U%29.zip|Guilty Gear X - Advance Edition (U)|1.8M
Gumby%20vs.%20the%20Astrobots%20%28U%29.zip|Gumby vs. the Astrobots (U)|5.0M
Gunstar%20Super%20Heroes%20%28U%29.zip|Gunstar Super Heroes (U)|4.3M
Hamtaro%20-%20Ham-Ham%20Heartbreak%20%28U%29.zip|Hamtaro - Ham-Ham Heartbreak (U)|1.8M
Hardcore%20Pinball%20%28U%29.zip|Hardcore Pinball (U)|1.5M
Harlem%20Globetrotters%20-%20World%20Tour%20%28U%29.zip|Harlem Globetrotters - World Tour (U)|5.8M
Harry%20Potter%20-%20Quidditch%20World%20Cup%20%28U%29%20%28M8%29.zip|Harry Potter - Quidditch World Cup (U) (M8)|4.2M
Harry%20Potter%20and%20The%20Chamber%20of%20Secrets%20%28UE%29%20%28M12%29%20%5B%21%5D.zip|Harry Potter and The Chamber of Secrets (UE) (M12) [!]|23.6M
Harry%20Potter%20and%20The%20Goblet%20of%20Fire%20%28UE%29%20%28M8%29.zip|Harry Potter and The Goblet of Fire (UE) (M8)|12.2M
Harry%20Potter%20and%20The%20Prisoner%20of%20Azkaban%20%28UE%29%20%28M8%29.zip|Harry Potter and The Prisoner of Azkaban (UE) (M8)|5.4M
Harry%20Potter%20and%20The%20Sorcerer%27s%20Stone%20%28UE%29%20%28M12%29%20%5B%21%5D.zip|Harry Potter and The Sorcerer's Stone (UE) (M12) [!]|3.4M
Harvest%20Moon%20-%20Friends%20of%20Mineral%20Town%20%28U%29%20%5B%21%5D.zip|Harvest Moon - Friends of Mineral Town (U) [!]|5.4M
Harvest%20Moon%20-%20More%20Friends%20of%20Mineral%20Town%20%28U%29.zip|Harvest Moon - More Friends of Mineral Town (U)|1.7M
Hello%20Kitty%20-%20Happy%20Party%20Pals%20%28U%29.zip|Hello Kitty - Happy Party Pals (U)|2.5M
Hey%20Arnold%21%20The%20Movie%20%28U%29.zip|Hey Arnold! The Movie (U)|3.1M
Hi%20Hi%20Puffy%20AmiYumi%20-%20Kaznapped%21%20%28U%29.zip|Hi Hi Puffy AmiYumi - Kaznapped! (U)|2.5M
High%20Heat%20Major%20League%20Baseball%202002%20%28U%29%20%5B%21%5D.zip|High Heat Major League Baseball 2002 (U) [!]|2.7M
High%20Heat%20Major%20League%20Baseball%202003%20%28U%29%20%5B%21%5D.zip|High Heat Major League Baseball 2003 (U) [!]|4.6M
Hobbit%2C%20The%20%28U%29.zip|Hobbit, The (U)|1.4M
Hot%20Potato%21%20%28U%29%20%5B%21%5D.zip|Hot Potato! (U) [!]|4.3M
Hot%20Wheels%20-%20Burnin%27%20Rubber%20%28U%29%20%5B%21%5D.zip|Hot Wheels - Burnin' Rubber (U) [!]|4.0M
Hot%20Wheels%20-%20Stunt%20Track%20Challenge%20%28U%29.zip|Hot Wheels - Stunt Track Challenge (U)|3.6M
Hot%20Wheels%20-%20Velocity%20X%20%28U%29.zip|Hot Wheels - Velocity X (U)|2.6M
Hot%20Wheels%20-%20World%20Race%20%28U%29.zip|Hot Wheels - World Race (U)|2.6M
Hugo%20-%20The%20Evil%20Mirror%20Advance%20%28U%29%20%28M3%29.zip|Hugo - The Evil Mirror Advance (U) (M3)|3.3M
I%20Spy%20Challenger%20%28U%29.zip|I Spy Challenger (U)|1.9M
Ice%20Age%20%28U%29.zip|Ice Age (U)|12.0M
Ice%20Age%202%20-%20The%20Meltdown%20%28U%29.zip|Ice Age 2 - The Meltdown (U)|4.1M
Ice%20Nine%20%28U%29%20%28M5%29.zip|Ice Nine (U) (M5)|4.9M
Incredible%20Hulk%2C%20The%20%28U%29.zip|Incredible Hulk, The (U)|4.8M
Incredibles%2C%20The%20%28U%29.zip|Incredibles, The (U)|4.0M
Incredibles%2C%20The%20-%20Rise%20of%20the%20Underminer%20%28U%29.zip|Incredibles, The - Rise of the Underminer (U)|1.6M
Inspector%20Gadget%20-%20Advance%20Mission%20%28U%29%20%5B%21%5D.zip|Inspector Gadget - Advance Mission (U) [!]|349.6K
International%20Karate%20Plus%20%28U%29.zip|International Karate Plus (U)|2.2M
Invincible%20Iron%20Man%2C%20The%20%28U%29%20%5BhI%5D.zip|Invincible Iron Man, The (U) [hI]|2.4M
Iridion%203D%20%28U%29%20%5B%21%5D.zip|Iridion 3D (U) [!]|4.6M
Iridion%20II%20%28U%29.zip|Iridion II (U)|1.9M
Island%20Xtreme%20Stunts%20%28U%29.zip|Island Xtreme Stunts (U)|2.4M
It%27s%20Mr.%20Pants%20%28U%29.zip|It's Mr. Pants (U)|2.2M
Jackie%20Chan%20Adventures%20-%20Legend%20of%20The%20Dark%20Hand%20%28U%29%20%5B%21%5D.zip|Jackie Chan Adventures - Legend of The Dark Hand (U) [!]|4.2M
James%20Bond%20007%20-%20Nightfire%20%28U%29%20%28M3%29.zip|James Bond 007 - Nightfire (U) (M3)|1.6M
James%20Pond%20-%20Codename%20Robocod%20%28U%29%20%28M4%29.zip|James Pond - Codename Robocod (U) (M4)|1.7M
Jazz%20Jackrabbit%20%28U%29%20%5BhI%5D.zip|Jazz Jackrabbit (U) [hI]|4.6M
Jet%20Grind%20Radio%20%28U%29.zip|Jet Grind Radio (U)|2.4M
Jimmy%20Neutron%20-%20Boy%20Genius%20%28U%29%20%5B%21%5D.zip|Jimmy Neutron - Boy Genius (U) [!]|2.3M
Jonny%20Moseley%20Mad%20Trix%20%28U%29%20%28M5%29%20%5B%21%5D.zip|Jonny Moseley Mad Trix (U) (M5) [!]|5.9M
Juka%20and%20the%20Monophonic%20Menace%20%28U%29%20%28M8%29.zip|Juka and the Monophonic Menace (U) (M8)|3.3M
Jurassic%20Park%20III%20-%20DNA%20Factor%20%28U%29.zip|Jurassic Park III - DNA Factor (U)|4.3M
Jurassic%20Park%20III%20-%20Island%20Attack%20%28U%29%20%5B%21%5D.zip|Jurassic Park III - Island Attack (U) [!]|2.6M
Jurassic%20Park%20III%20-%20Park%20Builder%20%28U%29%20%5B%21%5D.zip|Jurassic Park III - Park Builder (U) [!]|2.7M
Justice%20League%20-%20Injustice%20for%20All%20%28U%29%20%5B%21%5D.zip|Justice League - Injustice for All (U) [!]|3.2M
Justice%20League%20Chronicles%20%28U%29.zip|Justice League Chronicles (U)|4.0M
Justice%20League%20Heroes%20-%20The%20Flash%20%28U%29.zip|Justice League Heroes - The Flash (U)|1.6M
Kao%20the%20Kangaroo%20%28U%29%20%28M6%29.zip|Kao the Kangaroo (U) (M6)|4.5M
Karnaaj%20Rally%20%28U%29.zip|Karnaaj Rally (U)|6.0M
Kelly%20Slater%27s%20Pro%20Surfer%20%28U%29.zip|Kelly Slater's Pro Surfer (U)|1.2M
KerPlunk%21%2C%20Toss%20Across%2C%20and%20TipIt%20%28U%29.zip|KerPlunk!, Toss Across, and TipIt (U)|2.6M
Kid%27s%20Cards%20%28U%29.zip|Kid's Cards (U)|2.3M
Kien%20%28U%29.zip|Kien (U)|2.2M
Kill%20Switch%20%28U%29.zip|Kill Switch (U)|1,007.3K
Killer%203D%20Pool%20%28U%29.zip|Killer 3D Pool (U)|4.1M
King%20of%20Fighters%20EX%2C%20The%20-%20NeoBlood%20%28U%29.zip|King of Fighters EX, The - NeoBlood (U)|5.5M
King%20of%20Fighters%20EX2%2C%20The%20-%20Howling%20Blood%20%28U%29.zip|King of Fighters EX2, The - Howling Blood (U)|15.9M
Kingdom%20Hearts%20-%20Chain%20of%20Memories%20%28U%29.zip|Kingdom Hearts - Chain of Memories (U)|5.8M
Kirby%20%26%20The%20Amazing%20Mirror%20%28U%29.zip|Kirby & The Amazing Mirror (U)|4.5M
Kirby%20-%20Nightmare%20in%20Dreamland%20%28U%29%20%5B%21%5D.zip|Kirby - Nightmare in Dreamland (U) [!]|2.4M
Klonoa%20-%20Empire%20of%20Dreams%20%28U%29%20%5B%21%5D.zip|Klonoa - Empire of Dreams (U) [!]|2.8M
Klonoa%202%20-%20Dream%20Champ%20Tournament%20%28U%29.zip|Klonoa 2 - Dream Champ Tournament (U)|2.5M
Knights%27%20Kingdom%20%28U%29.zip|Knights' Kingdom (U)|3.7M
Koala%20Brothers%2C%20The%20-%20Outback%20Adventures%20%28U%29%20%28M8%29.zip|Koala Brothers, The - Outback Adventures (U) (M8)|2.0M
Konami%20Collectors%20Series%20-%20Arcade%20Advanced%20%28U%29%20%5B%21%5D.zip|Konami Collectors Series - Arcade Advanced (U) [!]|1.3M
Kong%20-%20King%20of%20Atlantis%20%28U%29.zip|Kong - King of Atlantis (U)|3.5M
Kong%20-%20The%208th%20Wonder%20of%20the%20World%20%28U%29%20%28M3%29.zip|Kong - The 8th Wonder of the World (U) (M3)|2.3M
Kong%20-%20The%20Animated%20Series%20%28U%29%20%28M6%29.zip|Kong - The Animated Series (U) (M6)|1.7M
Krazy%20Racers%20%28U%29%20%5B%21%5D.zip|Krazy Racers (U) [!]|4.2M
LEGO%20Bionicle%20%28U%29%20%5B%21%5D.zip|LEGO Bionicle (U) [!]|2.0M
LEGO%20Bionicle%20-%20Matoran%20Adventures%20%28U%29%20%5BhI%5D.zip|LEGO Bionicle - Matoran Adventures (U) [hI]|5.0M
LEGO%20Bionicle%20-%20The%20Game%20%28U%29.zip|LEGO Bionicle - The Game (U)|4.2M
LEGO%20Drome%20Racers%20%28U%29.zip|LEGO Drome Racers (U)|4.3M
LEGO%20Football%20Mania%20%28U%29.zip|LEGO Football Mania (U)|3.2M
LEGO%20Island%202%20%28U%29%20%5B%21%5D.zip|LEGO Island 2 (U) [!]|4.7M
LEGO%20Racers%202%20%28U%29%20%28M2%29%20%5B%21%5D.zip|LEGO Racers 2 (U) (M2) [!]|12.3M
LEGO%20Star%20Wars%20-%20The%20Video%20Game%20%28UE%29%20%28M7%29.zip|LEGO Star Wars - The Video Game (UE) (M7)|13.2M
LEGO%20Star%20Wars%20II%20-%20The%20Original%20Trilogy%20%28U%29.zip|LEGO Star Wars II - The Original Trilogy (U)|2.7M
Lady%20Sia%20%28U%29%20%28M6%29%20%5B%21%5D.zip|Lady Sia (U) (M6) [!]|1.5M
Land%20Before%20Time%2C%20The%20%28U%29%20%28M2%29.zip|Land Before Time, The (U) (M2)|2.4M
Land%20Before%20Time%2C%20The%20-%20Into%20the%20Mysterious%20Beyond%20%28U%29%20%28M3%29.zip|Land Before Time, The - Into the Mysterious Beyond (U) (M3)|6.5M
Legend%20of%20Spyro%2C%20The%20-%20A%20New%20Beginning%20%28U%29.zip|Legend of Spyro, The - A New Beginning (U)|3.3M
Legend%20of%20Zelda%2C%20The%20-%20A%20Link%20To%20The%20Past%20Four%20Swords%20%28U%29%20%5B%21%5D.zip|Legend of Zelda, The - A Link To The Past Four Swords (U) [!]|7.2M
Legend%20of%20Zelda%2C%20The%20-%20The%20Minish%20Cap%20%28U%29.zip|Legend of Zelda, The - The Minish Cap (U)|12.8M
Lemony%20Snicket%27s%20A%20Series%20of%20Unfortunate%20Events%20%28U%29.zip|Lemony Snicket's A Series of Unfortunate Events (U)|1.1M
Let%27s%20Ride%21%20-%20Dreamer%20%28U%29.zip|Let's Ride! - Dreamer (U)|1.2M
Let%27s%20Ride%21%20-%20Sunshine%20Stables%20%28U%29.zip|Let's Ride! - Sunshine Stables (U)|2.0M
Little%20League%20Baseball%202002%20%28U%29.zip|Little League Baseball 2002 (U)|2.1M
Lizzie%20McGuire%20-%20On%20The%20Go%21%20%28U%29.zip|Lizzie McGuire - On The Go! (U)|1.9M
Lizzie%20McGuire%202%20-%20Lizzie%20Diaries%20%28U%29%20%28M2%29.zip|Lizzie McGuire 2 - Lizzie Diaries (U) (M2)|2.8M
Lizzie%20McGuire%203%20-%20Homecoming%20Havoc%20%28U%29.zip|Lizzie McGuire 3 - Homecoming Havoc (U)|3.0M
Looney%20Tunes%20-%20Back%20in%20Action%20%28U%29%20%28M5%29.zip|Looney Tunes - Back in Action (U) (M5)|5.7M
Lord%20of%20the%20Rings%2C%20The%20-%20The%20Fellowship%20of%20the%20Ring%20%28U%29.zip|Lord of the Rings, The - The Fellowship of the Ring (U)|12.7M
Lord%20of%20the%20Rings%2C%20The%20-%20The%20Return%20of%20the%20King%20%28U%29%20%28M5%29.zip|Lord of the Rings, The - The Return of the King (U) (M5)|13.9M
Lord%20of%20the%20Rings%2C%20The%20-%20The%20Third%20Age%20%28UE%29%20%28M5%29.zip|Lord of the Rings, The - The Third Age (UE) (M5)|12.1M
Lord%20of%20the%20Rings%2C%20The%20-%20The%20Two%20Towers%20%28UE%29%20%28M6%29.zip|Lord of the Rings, The - The Two Towers (UE) (M6)|2.2M
Lost%20Vikings%2C%20The%20%28U%29.zip|Lost Vikings, The (U)|4.6M
Lufia%20-%20The%20Ruins%20of%20Lore%20%28U%29%20%5B%21%5D.zip|Lufia - The Ruins of Lore (U) [!]|6.3M
Lunar%20Legend%20%28U%29%20%5B%21%5D.zip|Lunar Legend (U) [!]|3.9M
M%26M%27s%20Blast%21%20%28U%29%20%5B%21%5D.zip|M&M's Blast! (U) [!]|1.5M
MLB%20SlugFest%202004%20%28U%29%20%5BhI%5D.zip|MLB SlugFest 2004 (U) [hI]|1.5M
MX%202K2%20Ricky%20Carmichael%20%28U%29.zip|MX 2K2 Ricky Carmichael (U)|4.2M
Madagascar%20%28U%29.zip|Madagascar (U)|3.6M
Madagascar%20-%20Operation%20Penguin%20%28U%29.zip|Madagascar - Operation Penguin (U)|2.3M
Madden%20NFL%2006%20%28U%29.zip|Madden NFL 06 (U)|2.2M
Madden%20NFL%2007%20%28U%29.zip|Madden NFL 07 (U)|1.5M
Madden%20NFL%202002%20%28U%29.zip|Madden NFL 2002 (U)|1.8M
Madden%20NFL%202003%20%28U%29.zip|Madden NFL 2003 (U)|1.9M
Madden%20NFL%202004%20%28U%29.zip|Madden NFL 2004 (U)|2.1M
Madden%20NFL%202005%20%28U%29.zip|Madden NFL 2005 (U)|619.6K
Marble%20Madness%20%26%20Klax%20%28U%29.zip|Marble Madness & Klax (U)|6.6M
Mario%20%26%20Luigi%20-%20Superstar%20Saga%20%28U%29.zip|Mario & Luigi - Superstar Saga (U)|11.5M
Mario%20Golf%20-%20Advance%20Tour%20%28U%29.zip|Mario Golf - Advance Tour (U)|2.1M
Mario%20Kart%20Super%20Circuit%20%28U%29%20%5B%21%5D.zip|Mario Kart Super Circuit (U) [!]|6.0M
Mario%20Party%20Advance%20%28U%29.zip|Mario Party Advance (U)|4.9M
Mario%20Pinball%20Land%20%28U%29.zip|Mario Pinball Land (U)|11.5M
Mario%20Tennis%20Advance%20-%20Power%20Tour%20%28U%29.zip|Mario Tennis Advance - Power Tour (U)|6.6M
Mario%20vs.%20Donkey%20Kong%20%28U%29%20%5B%21%5D.zip|Mario vs. Donkey Kong (U) [!]|2.5M
Mary-Kate%20and%20Ashley%20-%20Girls%20Night%20Out%20%28U%29.zip|Mary-Kate and Ashley - Girls Night Out (U)|1.4M
Mary-Kate%20and%20Ashley%20-%20Sweet%2016%20-%20Licensed%20to%20Drive%20%28U%29.zip|Mary-Kate and Ashley - Sweet 16 - Licensed to Drive (U)|3.2M
Masters%20of%20the%20Universe%20-%20He-man%20Power%20of%20Grayskull%20%28U%29.zip|Masters of the Universe - He-man Power of Grayskull (U)|1.7M
Mat%20Hoffman%27s%20Pro%20BMX%20%28U%29.zip|Mat Hoffman's Pro BMX (U)|2.4M
Mat%20Hoffman%27s%20Pro%20BMX%202%20%28U%29.zip|Mat Hoffman's Pro BMX 2 (U)|1.4M
Matchbox%20Cross%20Town%20Heroes%20%28U%29.zip|Matchbox Cross Town Heroes (U)|12.3M
Max%20Payne%20%28U%29.zip|Max Payne (U)|4.0M
Mech%20Platoon%20%28U%29%20%5B%21%5D.zip|Mech Platoon (U) [!]|5.5M
Medabots%20-%20Metabee%20Version%20%28U%29.zip|Medabots - Metabee Version (U)|3.4M
Medabots%20AX%20-%20Rokusho%20Version%20%28U%29.zip|Medabots AX - Rokusho Version (U)|7.8M
Medal%20of%20Honor%20-%20Infiltrator%20%28U%29%20%28M3%29.zip|Medal of Honor - Infiltrator (U) (M3)|3.3M
Medal%20of%20Honor%20-%20Underground%20%28U%29%20%5BhI%5D.zip|Medal of Honor - Underground (U) [hI]|4.6M
Megaman%20%26%20Bass%20%28U%29%20%5B%21%5D.zip|Megaman & Bass (U) [!]|2.4M
Megaman%20Battle%20Chip%20Challenge%20%28U%29.zip|Megaman Battle Chip Challenge (U)|3.2M
Megaman%20Battle%20Network%20%28U%29%20%5B%21%5D.zip|Megaman Battle Network (U) [!]|3.8M
Megaman%20Battle%20Network%202%20%28U%29%20%5B%21%5D.zip|Megaman Battle Network 2 (U) [!]|4.1M
Megaman%20Battle%20Network%203%20-%20Blue%20Version%20%28U%29.zip|Megaman Battle Network 3 - Blue Version (U)|4.1M
Megaman%20Battle%20Network%203%20-%20White%20Version%20%28U%29.zip|Megaman Battle Network 3 - White Version (U)|4.1M
Megaman%20Battle%20Network%204%20-%20Blue%20Moon%20%28U%29.zip|Megaman Battle Network 4 - Blue Moon (U)|4.1M
Megaman%20Battle%20Network%204%20-%20Red%20Sun%20%28U%29.zip|Megaman Battle Network 4 - Red Sun (U)|3.9M
Megaman%20Battle%20Network%205%20-%20Team%20Colonel%20%28U%29.zip|Megaman Battle Network 5 - Team Colonel (U)|3.9M
Megaman%20Battle%20Network%205%20-%20Team%20Protoman%20%28U%29.zip|Megaman Battle Network 5 - Team Protoman (U)|4.0M
Megaman%20Battle%20Network%206%20-%20Cybeast%20Falzar%20%28U%29.zip|Megaman Battle Network 6 - Cybeast Falzar (U)|4.0M
Megaman%20Battle%20Network%206%20-%20Cybeast%20Gregar%20%28U%29.zip|Megaman Battle Network 6 - Cybeast Gregar (U)|3.5M
Megaman%20Zero%20%28U%29.zip|Megaman Zero (U)|4.2M
Megaman%20Zero%202%20%28U%29.zip|Megaman Zero 2 (U)|4.6M
Megaman%20Zero%203%20%28U%29.zip|Megaman Zero 3 (U)|9.8M
Megaman%20Zero%204%20%28U%29.zip|Megaman Zero 4 (U)|1.0M
Men%20in%20Black%20-%20The%20Series%20%28U%29%20%5B%21%5D.zip|Men in Black - The Series (U) [!]|3.7M
Metal%20Slug%20Advance%20%28U%29.zip|Metal Slug Advance (U)|5.0M
Metroid%20-%20Zero%20Mission%20%28U%29%20%5B%21%5D.zip|Metroid - Zero Mission (U) [!]|4.5M
Metroid%20Fusion%20%28U%29%20%5B%21%5D.zip|Metroid Fusion (U) [!]|1.1M
Midnight%20Club%20Street%20Racing%20%28U%29%20%5B%21%5D.zip|Midnight Club Street Racing (U) [!]|1.9M
Midway%27s%20Greatest%20Arcade%20Hits%20%28U%29%20%5B%21%5D.zip|Midway's Greatest Arcade Hits (U) [!]|1.5M
Mighty%20Beanz%20Pocket%20Puzzles%20%28U%29.zip|Mighty Beanz Pocket Puzzles (U)|1.7M
Mike%20Tyson%27s%20Boxing%20%28U%29%20%5B%21%5D.zip|Mike Tyson's Boxing (U) [!]|4.6M
Minority%20Report%20-%20Everybody%20Runs%20%28U%29.zip|Minority Report - Everybody Runs (U)|1.3M
Mission%20Impossible%20-%20Operation%20Surma%20%28U%29%20%28M3%29%20%5B%21%5D.zip|Mission Impossible - Operation Surma (U) (M3) [!]|3.1M
Mobile%20Suit%20Gundam%20Seed%20-%20Battle%20Assault%20%28U%29.zip|Mobile Suit Gundam Seed - Battle Assault (U)|768.6K
Monopoly%20%28U%29.zip|Monopoly (U)|2.0M
Monster%20Bass%20Fishing%20%28U%29.zip|Monster Bass Fishing (U)|2.7M
Monster%20Force%20%28U%29.zip|Monster Force (U)|3.5M
Monster%20House%20%28U%29%20%28M2%29.zip|Monster House (U) (M2)|2.4M
Monster%20Jam%20-%20Maximum%20Destruction%20%28U%29.zip|Monster Jam - Maximum Destruction (U)|4.7M
Monster%20Rancher%20Advanced%20%28U%29%20%5B%21%5D.zip|Monster Rancher Advanced (U) [!]|4.0M
Monster%20Rancher%20Advanced%202%20%28U%29.zip|Monster Rancher Advanced 2 (U)|2.9M
Monster%20Truck%20Madness%20%28U%29.zip|Monster Truck Madness (U)|2.4M
Monster%20Trucks%20%28U%29.zip|Monster Trucks (U)|2.4M
Monster%20Trucks%20-%20Mayhem%20%28U%29.zip|Monster Trucks - Mayhem (U)|1.9M
Monsters%20Inc.%20%28U%29%20%5B%21%5D.zip|Monsters Inc. (U) [!]|11.0M
Mortal%20Kombat%20-%20Deadly%20Alliance%20%28U%29%20%28M5%29%20%5B%21%5D.zip|Mortal Kombat - Deadly Alliance (U) (M5) [!]|11.7M
Mortal%20Kombat%20-%20Tournament%20Edition%20%28U%29%20%28M5%29%20%5BhI%5D.zip|Mortal Kombat - Tournament Edition (U) (M5) [hI]|5.6M
Mortal%20Kombat%20Advance%20%28U%29.zip|Mortal Kombat Advance (U)|2.7M
Moto%20GP%20%28U%29%20%5B%21%5D.zip|Moto GP (U) [!]|1.8M
Motocross%20Maniacs%20Advance%20%28U%29%20%5B%21%5D.zip|Motocross Maniacs Advance (U) [!]|2.2M
Mr.%20Driller%202%20%28U%29.zip|Mr. Driller 2 (U)|2.4M
Ms.%20Pac-Man%20-%20Maze%20Madness%20%28U%29.zip|Ms. Pac-Man - Maze Madness (U)|1.8M
Mucha%20Lucha%21%20-%20Mascaritas%20of%20the%20Lost%20Code%20%28U%29%20%28M3%29.zip|Mucha Lucha! - Mascaritas of the Lost Code (U) (M3)|400.0K
Multiboot%20Six%20Pack%20%231%20%28U%29.zip|Multiboot Six Pack #1 (U)|2.4M
Mummy%2C%20The%20%28U%29%20%28M5%29.zip|Mummy, The (U) (M5)|1.9M
Muppet%20Pinball%20Mayhem%20%28U%29.zip|Muppet Pinball Mayhem (U)|4.2M
Muppets%20-%20On%20With%20The%20Show%21%20%28U%29%20%28M6%29%20%5Bh1I%5D.zip|Muppets - On With The Show! (U) (M6) [h1I]|2.0M
My%20Little%20Pony%20Crystal%20Princess%20-%20The%20Runaway%20Rainbow%20%28U%29.zip|My Little Pony Crystal Princess - The Runaway Rainbow (U)|1.8M
NASCAR%20Heat%202002%20%28U%29.zip|NASCAR Heat 2002 (U)|2.6M
NBA%20Jam%202002%20%28U%29%20%5B%21%5D.zip|NBA Jam 2002 (U) [!]|2.0M
NFL%20Blitz%202002%20%28U%29.zip|NFL Blitz 2002 (U)|2.0M
NFL%20Blitz%202003%20%28U%29.zip|NFL Blitz 2003 (U)|2.0M
NHL%202002%20%28U%29%20%5B%21%5D.zip|NHL 2002 (U) [!]|1.7M
NHL%20Hitz%202003%20%28U%29.zip|NHL Hitz 2003 (U)|1.8M
Namco%20Museum%20%28U%29%20%5B%21%5D.zip|Namco Museum (U) [!]|1.5M
Namco%20Museum%2050th%20Anniversary%20%28U%29.zip|Namco Museum 50th Anniversary (U)|2.9M
Nancy%20Drew%20-%20Message%20in%20a%20Haunted%20Mansion%20%28U%29%20%5B%21%5D.zip|Nancy Drew - Message in a Haunted Mansion (U) [!]|2.2M
Naruto%20-%20Ninja%20Council%20%28U%29.zip|Naruto - Ninja Council (U)|3.6M
Naruto%20-%20Ninja%20Council%202%20%28U%29.zip|Naruto - Ninja Council 2 (U)|1.8M
Need%20for%20Speed%20-%20Porsche%20Unleashed%20%28U%29.zip|Need for Speed - Porsche Unleashed (U)|3.9M
Need%20for%20Speed%20-%20Underground%20%28UE%29%20%28M4%29.zip|Need for Speed - Underground (UE) (M4)|3.4M
Need%20for%20Speed%20-%20Underground%202%20%28UE%29%20%28M4%29.zip|Need for Speed - Underground 2 (UE) (M4)|1.7M
Nicktoons%20-%20Battle%20for%20Volcano%20Island%20%28U%29.zip|Nicktoons - Battle for Volcano Island (U)|2.2M
Nicktoons%20-%20Freeze%20Frame%20Frenzy%20%28U%29.zip|Nicktoons - Freeze Frame Frenzy (U)|2.1M
Nicktoons%20Racing%20%28U%29.zip|Nicktoons Racing (U)|1.9M
Nicktoons%20Unite%21%20%28U%29.zip|Nicktoons Unite! (U)|1.6M
Ninja%20Five-0%20%28U%29.zip|Ninja Five-0 (U)|2.9M
No%20Rules%20Get%20Phat%20%28U%29%20%28M6%29%20%5B%21%5D.zip|No Rules Get Phat (U) (M6) [!]|2.5M
Noddy%20-%20A%20Day%20in%20Toyland%20%28U%29.zip|Noddy - A Day in Toyland (U)|5.3M
Oddworld%20-%20Munch%27s%20Oddysee%20%28U%29.zip|Oddworld - Munch's Oddysee (U)|2.7M
Onimusha%20Tactics%20%28U%29.zip|Onimusha Tactics (U)|3.7M
Open%20Season%20%28U%29%20%28M3%29.zip|Open Season (U) (M3)|636.2K
Operation%20Armored%20Liberty%20%28U%29.zip|Operation Armored Liberty (U)|3.6M
Over%20the%20Hedge%20%28U%29.zip|Over the Hedge (U)|3.3M
Over%20the%20Hedge%20-%20Hammy%20Goes%20Nuts%20%28U%29.zip|Over the Hedge - Hammy Goes Nuts (U)|3.7M
Ozzy%20%26%20Drix%20%28U%29.zip|Ozzy & Drix (U)|2.6M
Pac-Man%20Collection%20%28U%29%20%5B%21%5D.zip|Pac-Man Collection (U) [!]|2.2M
Pac-Man%20Pinball%20Advance%20%28U%29.zip|Pac-Man Pinball Advance (U)|4.0M
Pac-Man%20World%20%28U%29.zip|Pac-Man World (U)|2.7M
Pac-Man%20World%202%20%28U%29.zip|Pac-Man World 2 (U)|2.3M
Paws%20and%20Claws%20-%20Pet%20Resort%20%28U%29.zip|Paws and Claws - Pet Resort (U)|2.0M
Peter%20Pan%20-%20The%20Motion%20Picture%20Event%20%28U%29.zip|Peter Pan - The Motion Picture Event (U)|2.1M
Phalanx%20-%20The%20Enforce%20Fighter%20A-144%20%28U%29%20%5B%21%5D.zip|Phalanx - The Enforce Fighter A-144 (U) [!]|3.6M
Phantasy%20Star%20Collection%20%28U%29%20%5B%21%5D.zip|Phantasy Star Collection (U) [!]|2.3M
Phil%20of%20the%20Future%20%28U%29.zip|Phil of the Future (U)|2.8M
Piglet%27s%20Big%20Game%20%28U%29%20%5BhI%5D.zip|Piglet's Big Game (U) [hI]|1.3M
Pinball%20Tycoon%20%28U%29.zip|Pinball Tycoon (U)|4.0M
Pinball%20of%20The%20Dead%2C%20The%20%28U%29.zip|Pinball of The Dead, The (U)|2.8M
Pink%20Panther%20Pinkadelic%20Pursuit%20%28U%29%20%5B%21%5D.zip|Pink Panther Pinkadelic Pursuit (U) [!]|3.1M
Pinobee%20-%20Wings%20of%20Adventure%20%28U%29%20%5B%21%5D.zip|Pinobee - Wings of Adventure (U) [!]|5.1M
Pirates%20of%20the%20Caribbean%20%28U%29%20%28M5%29.zip|Pirates of the Caribbean (U) (M5)|11.2M
Pirates%20of%20the%20Caribbean%20-%20Dead%20Man%27s%20Chest%20%28U%29.zip|Pirates of the Caribbean - Dead Man's Chest (U)|3.9M
Pitfall%20-%20The%20Lost%20Expedition%20%28U%29.zip|Pitfall - The Lost Expedition (U)|1.8M
Pitfall%20-%20The%20Mayan%20Adventure%20%28U%29%20%5B%21%5D.zip|Pitfall - The Mayan Adventure (U) [!]|1.0M
Planet%20Monsters%20%28U%29%20%5B%21%5D.zip|Planet Monsters (U) [!]|1.6M
Planet%20of%20the%20Apes%20%28U%29%20%28M6%29%20%5B%21%5D.zip|Planet of the Apes (U) (M6) [!]|4.5M
Pocket%20Dogs%20%28U%29.zip|Pocket Dogs (U)|1.5M
Pocket%20Professor%20Kwik%20Notes%20Vol.%201%20%28U%29.zip|Pocket Professor Kwik Notes Vol. 1 (U)|1.9M
Pocky%20%26%20Rocky%20with%20Becky%20%28U%29.zip|Pocky & Rocky with Becky (U)|6.7M
Pokemon%20-%20Emerald%20Version%20%28U%29.zip|Pokemon - Emerald Version (U)|5.1M
Pokemon%20-%20Fire%20Red%20Version%20%28U%29%20%28V1.1%29.zip|Pokemon - Fire Red Version (U) (V1.1)|5.1M
Pokemon%20-%20Leaf%20Green%20Version%20%28U%29%20%28V1.1%29.zip|Pokemon - Leaf Green Version (U) (V1.1)|4.7M
Pokemon%20-%20Ruby%20Version%20%28U%29%20%28V1.1%29.zip|Pokemon - Ruby Version (U) (V1.1)|4.7M
Pokemon%20-%20Sapphire%20Version%20%28U%29%20%28V1.1%29.zip|Pokemon - Sapphire Version (U) (V1.1)|10.8M
Pokemon%20Mystery%20Dungeon%20-%20Red%20Rescue%20Team%20%28U%29.zip|Pokemon Mystery Dungeon - Red Rescue Team (U)|2.5M
Pokemon%20Pinball%20-%20Ruby%20%26%20Sapphire%20%28U%29%20%28V1.0%29%20%5BhI%5D.zip|Pokemon Pinball - Ruby & Sapphire (U) (V1.0) [hI]|2.8M
Polar%20Express%2C%20The%20%28U%29%20%28M5%29.zip|Polar Express, The (U) (M5)|1.3M
Polly%20Pocket%21%20-%20Super%20Splash%20Island%20%28U%29.zip|Polly Pocket! - Super Splash Island (U)|2.9M
Popeye%20-%20Rush%20for%20Spinach%20%28U%29.zip|Popeye - Rush for Spinach (U)|3.2M
Power%20Rangers%20-%20Dino%20Thunder%20%28U%29.zip|Power Rangers - Dino Thunder (U)|3.1M
Power%20Rangers%20-%20Ninja%20Storm%20%28U%29%20%5BhI%5D.zip|Power Rangers - Ninja Storm (U) [hI]|2.4M
Power%20Rangers%20-%20SPD%20%28U%29.zip|Power Rangers - SPD (U)|1.8M
Power%20Rangers%20-%20Time%20Force%20%28U%29.zip|Power Rangers - Time Force (U)|2.8M
Power%20Rangers%20-%20Wild%20Force%20%28U%29.zip|Power Rangers - Wild Force (U)|2.8M
Powerpuff%20Girls%2C%20The%20-%20Him%20and%20Seek%20%28U%29.zip|Powerpuff Girls, The - Him and Seek (U)|1.8M
Powerpuff%20Girls%2C%20The%20-%20Mojo%20Jojo%20A-Go-Go%21%20%28U%29%20%28M6%29.zip|Powerpuff Girls, The - Mojo Jojo A-Go-Go! (U) (M6)|1.7M
Prehistorik%20Man%20%28U%29%20%5B%21%5D.zip|Prehistorik Man (U) [!]|4.9M
Prince%20of%20Persia%20-%20The%20Sands%20of%20Time%20%28U%29%20%28M3%29.zip|Prince of Persia - The Sands of Time (U) (M3)|1.5M
Princess%20Natasha%20%28U%29.zip|Princess Natasha (U)|4.0M
Proud%20Family%2C%20The%20%28U%29.zip|Proud Family, The (U)|2.6M
Punch%20King%20-%20Arcade%20Boxing%20%28U%29%20%5BhI%5D.zip|Punch King - Arcade Boxing (U) [hI]|3.4M
Puyo%20Pop%20%28U%29%20%5B%21%5D.zip|Puyo Pop (U) [!]|2.9M
Quad%20Desert%20Fury%20%28U%29.zip|Quad Desert Fury (U)|409.2K
Qwak.zip|Qwak|1.3M
R-Type%20III%20%28U%29.zip|R-Type III (U)|4.4M
Racing%20Gears%20Advance%20%28U%29.zip|Racing Gears Advance (U)|4.0M
Rainbow%20Six%20-%20Rogue%20Spear%20%28U%29%20%28M5%29.zip|Rainbow Six - Rogue Spear (U) (M5)|1.9M
Rampage%20Puzzle%20Attack%20%28U%29%20%5B%21%5D.zip|Rampage Puzzle Attack (U) [!]|1.4M
Rapala%20Pro%20Fishing%20%28U%29.zip|Rapala Pro Fishing (U)|3.0M
Rave%20Master%20Special%20Attack%20Force%20%28U%29.zip|Rave Master Special Attack Force (U)|5.6M
Rayman%20-%20Hoodlum%27s%20Revenge%20%28U%29.zip|Rayman - Hoodlum's Revenge (U)|8.1M
Rayman%2010th%20Anniversary%20-%20Rayman%20Advance%20%26%20Rayman%203%20%28U%29.zip|Rayman 10th Anniversary - Rayman Advance & Rayman 3 (U)|4.5M
Rayman%203%20-%20Hoodlum%20Havoc%20%28U%29%20%28M3%29.zip|Rayman 3 - Hoodlum Havoc (U) (M3)|3.5M
Rayman%20Advance%20%28U%29%20%5B%21%5D.zip|Rayman Advance (U) [!]|1.9M
Razor%20Freestyle%20Scooter%20%28U%29.zip|Razor Freestyle Scooter (U)|2.8M
Ready%202%20Rumble%20Boxing%20-%20Round%202%20%28U%29%20%5B%21%5D.zip|Ready 2 Rumble Boxing - Round 2 (U) [!]|1.9M
Rebelstar%20-%20Tactical%20Command%20%28U%29.zip|Rebelstar - Tactical Command (U)|4.4M
Reign%20of%20Fire%20%28U%29.zip|Reign of Fire (U)|1.1M
Rescue%20Heroes%20-%20Billy%20Blazes%21%20%28U%29%20%5BhI%5D.zip|Rescue Heroes - Billy Blazes! (U) [hI]|4.4M
Revenge%20of%20Shinobi%2C%20The%20%28U%29.zip|Revenge of Shinobi, The (U)|1.9M
Ripping%20Friends%2C%20The%20%28U%29.zip|Ripping Friends, The (U)|1.8M
Risk%2C%20Battleship%2C%20Clue%20%28U%29.zip|Risk, Battleship, Clue (U)|1.3M
River%20City%20Ransom%20EX%20%28U%29.zip|River City Ransom EX (U)|10.8M
Riviera%20-%20The%20Promised%20Land%20%28U%29.zip|Riviera - The Promised Land (U)|2.9M
Road%20Rash%20-%20Jailbreak%20%28U%29.zip|Road Rash - Jailbreak (U)|2.3M
Robopon%202%20-%20Ring%20Version%20%28U%29.zip|Robopon 2 - Ring Version (U)|2.2M
Robot%20Wars%20-%20Advanced%20Destruction%20%28U%29.zip|Robot Wars - Advanced Destruction (U)|1.9M
Robotech%20-%20The%20Macross%20Saga%20%28U%29%20%5B%21%5D.zip|Robotech - The Macross Saga (U) [!]|12.8M
Robots%20%28U%29.zip|Robots (U)|2.0M
Rock%20%27em%20Sock%20%27em%20Robots%20%28U%29.zip|Rock 'em Sock 'em Robots (U)|2.5M
Rock%20N%27%20Roll%20Racing%20%28U%29.zip|Rock N' Roll Racing (U)|1.8M
Rocket%20Power%20-%20Beach%20Bandits%20%28U%29.zip|Rocket Power - Beach Bandits (U)|1.9M
Rocket%20Power%20-%20Dream%20Scheme%20%28U%29%20%5B%21%5D.zip|Rocket Power - Dream Scheme (U) [!]|4.0M
Rocket%20Power%20-%20Zero%20Gravity%20Zone%20%28U%29%20%5BhI%5D.zip|Rocket Power - Zero Gravity Zone (U) [hI]|4.0M
Rocky%20%28U%29%20%28M5%29%20%5Bf1%5D%5BhIR00%5D.zip|Rocky (U) (M5) [f1][hIR00]|2.7M
Rugrats%20-%20All%20Grown%20Up%21%20-%20Express%20Yourself%20%28U%29%20%5BhI%5D.zip|Rugrats - All Grown Up! - Express Yourself (U) [hI]|1.6M
Rugrats%20-%20Castle%20Capers%20%28U%29.zip|Rugrats - Castle Capers (U)|1.6M
Rugrats%20-%20Go%20Wild%20%28U%29%20%5BhI%5D.zip|Rugrats - Go Wild (U) [hI]|2.5M
Rugrats%20-%20I%20Gotta%20Go%20Party%20%28U%29.zip|Rugrats - I Gotta Go Party (U)|2.6M
SD%20Gundam%20Force%20%28U%29.zip|SD Gundam Force (U)|5.0M
SSX%203%20%28U%29.zip|SSX 3 (U)|6.1M
SSX%20Tricky%20%28U%29.zip|SSX Tricky (U)|5.2M
Sabre%20Wulf%20%28U%29.zip|Sabre Wulf (U)|2.4M
Sabrina%20The%20Teenage%20Witch%20-%20Potion%20Commotion%20%28U%29%20%5BhI%5D.zip|Sabrina The Teenage Witch - Potion Commotion (U) [hI]|1.4M
Salt%20Lake%202002%20%28U%29%20%5B%21%5D.zip|Salt Lake 2002 (U) [!]|3.1M
Samurai%20Jack%20-%20The%20Amulet%20of%20Time%20%28U%29%20%5B%21%5D.zip|Samurai Jack - The Amulet of Time (U) [!]|3.2M
Santa%20Clause%203%2C%20The%20-%20The%20Escape%20Clause%20%28U%29.zip|Santa Clause 3, The - The Escape Clause (U)|2.3M
Scooby-Doo%21%20%28U%29%20%5BhI%5D.zip|Scooby-Doo! (U) [hI]|2.1M
Scooby-Doo%21%20-%20Mystery%20Mayhem%20%28U%29.zip|Scooby-Doo! - Mystery Mayhem (U)|3.7M
Scooby-Doo%21%20-%20Unmasked%20%28U%29%20%28M2%29.zip|Scooby-Doo! - Unmasked (U) (M2)|3.9M
Scooby-Doo%21%202%20-%20Monsters%20Unleashed%20%28U%29.zip|Scooby-Doo! 2 - Monsters Unleashed (U)|1.7M
Scooby-Doo%21%20and%20The%20Cyber%20Chase%20%28U%29.zip|Scooby-Doo! and The Cyber Chase (U)|1.2M
Scorpion%20King%2C%20The%20-%20Sword%20of%20Osiris%20%28U%29%20%5B%21%5D.zip|Scorpion King, The - Sword of Osiris (U) [!]|2.6M
Scrabble%20Blast%21%20%28U%29.zip|Scrabble Blast! (U)|2.2M
Sea%20Trader%20-%20Rise%20of%20Taipan%20%28U%29%20%5BhI%5D.zip|Sea Trader - Rise of Taipan (U) [hI]|3.9M
Sega%20Arcade%20Gallery%20%28U%29.zip|Sega Arcade Gallery (U)|3.2M
Sega%20Rally%20Championship%20%28U%29.zip|Sega Rally Championship (U)|4.6M
Sega%20Smash%20Pack%20%28U%29.zip|Sega Smash Pack (U)|4.2M
Serious%20Sam%20Advance%20%28U%29%20%28M3%29.zip|Serious Sam Advance (U) (M3)|4.4M
Shamu%27s%20Deep%20Sea%20Adventures%20%28U%29.zip|Shamu's Deep Sea Adventures (U)|4.2M
Shark%20Tale%20%28U%29.zip|Shark Tale (U)|3.7M
Shaun%20Palmer%27s%20Pro%20Snowboarder%20%28U%29.zip|Shaun Palmer's Pro Snowboarder (U)|2.7M
Shifting%20Gears%20-%20Road%20Trip%20%28U%29.zip|Shifting Gears - Road Trip (U)|4.6M
Shining%20Force%20-%20Resurrection%20of%20the%20Dark%20Dragon%20%28U%29.zip|Shining Force - Resurrection of the Dark Dragon (U)|2.8M
Shining%20Soul%20%28U%29%20%5B%21%5D.zip|Shining Soul (U) [!]|6.1M
Shining%20Soul%20II%20%28U%29.zip|Shining Soul II (U)|2.4M
Shonen%20Jump%27s%20-%20One%20Piece%20%28U%29.zip|Shonen Jump's - One Piece (U)|6.8M
Shonen%20Jump%27s%20-%20Shaman%20King%20-%20Legacy%20of%20the%20Spirits%20-%20Soaring%20Hawk%20%28U%29.zip|Shonen Jump's - Shaman King - Legacy of the Spirits - Soaring Hawk (U)|7.1M
Shonen%20Jump%27s%20-%20Shaman%20King%20-%20Legacy%20of%20the%20Spirits%20-%20Sprinting%20Wolf%20%28U%29.zip|Shonen Jump's - Shaman King - Legacy of the Spirits - Sprinting Wolf (U)|5.9M
Shonen%20Jump%27s%20-%20Shaman%20King%20-%20Master%20of%20Spirits%20%28U%29.zip|Shonen Jump's - Shaman King - Master of Spirits (U)|6.0M
Shonen%20Jump%27s%20-%20Shaman%20King%20-%20Master%20of%20Spirits%202%20%28U%29.zip|Shonen Jump's - Shaman King - Master of Spirits 2 (U)|1.6M
Shrek%20-%20Hassle%20at%20the%20Castle%20%28U%29.zip|Shrek - Hassle at the Castle (U)|4.0M
Shrek%20-%20Reekin%27%20Havoc%20%28U%29%20%5B%21%5D.zip|Shrek - Reekin' Havoc (U) [!]|6.3M
Shrek%20-%20Super%20Slam%20%28U%29.zip|Shrek - Super Slam (U)|2.6M
Shrek%20-%20Swamp%20Kart%20Speedway%20%28U%29%20%5B%21%5D.zip|Shrek - Swamp Kart Speedway (U) [!]|4.1M
Shrek%202%20%28U%29%20%28M5%29%20%5Bf_5%5D.zip|Shrek 2 (U) (M5) [f_5]|4.1M
Shrek%202%20-%20Beg%20for%20Mercy%20%28U%29%20%28V1.1%29.zip|Shrek 2 - Beg for Mercy (U) (V1.1)|3.4M
Sigma%20Star%20Saga%20%28U%29.zip|Sigma Star Saga (U)|3.1M
Silent%20Scope%20%28U%29.zip|Silent Scope (U)|1.1M
Sim%20City%202000%20%28U%29%20%28M4%29.zip|Sim City 2000 (U) (M4)|2.5M
Simpsons%2C%20The%20-%20Road%20Rage%20%28U%29.zip|Simpsons, The - Road Rage (U)|23.4M
Sims%202%2C%20The%20%28UE%29%20%28M6%29.zip|Sims 2, The (UE) (M6)|10.5M
Sims%2C%20The%20-%20Bustin%27%20Out%20%28U%29%20%28M6%29.zip|Sims, The - Bustin' Out (U) (M6)|1.5M
Sitting%20Ducks%20%28U%29%20%28M6%29.zip|Sitting Ducks (U) (M6)|1.3M
Sky%20Dancers%20-%20They%20Magically%20Fly%21%20%28U%29.zip|Sky Dancers - They Magically Fly! (U)|3.7M
Smashing%20Drive%20%28U%29.zip|Smashing Drive (U)|2.4M
Smuggler%27s%20Run%20%28U%29.zip|Smuggler's Run (U)|1.7M
Snood%20%28U%29%20%5B%21%5D.zip|Snood (U) [!]|1.0M
Snood%202%20-%20Snoods%20on%20Vacation%20%28U%29.zip|Snood 2 - Snoods on Vacation (U)|1,009.4K
Soccer%20Kid%20%28U%29.zip|Soccer Kid (U)|2.6M
Sonic%20Advance%20%28U%29%20%5B%21%5D.zip|Sonic Advance (U) [!]|4.3M
Sonic%20Advance%202%20%28U%29%20%28M6%29%20%5B%21%5D.zip|Sonic Advance 2 (U) (M6) [!]|4.2M
Sonic%20Advance%203%20%28U%29%20%28M6%29.zip|Sonic Advance 3 (U) (M6)|5.5M
Sonic%20Battle%20%28U%29%20%28M6%29.zip|Sonic Battle (U) (M6)|3.5M
Sonic%20Pinball%20Party%20%28U%29%20%28M6%29.zip|Sonic Pinball Party (U) (M6)|4.2M
Sound%20of%20Thunder%2C%20A%20%28U%29.zip|Sound of Thunder, A (U)|5.2M
Space%20Channel%205%20-%20Ulala%27s%20Cosmic%20Attack%20%28U%29.zip|Space Channel 5 - Ulala's Cosmic Attack (U)|2.2M
Space%20Invaders%20%28U%29.zip|Space Invaders (U)|3.8M
Spider-Man%20-%20Mysterio%27s%20Menace%20%28U%29%20%5B%21%5D.zip|Spider-Man - Mysterio's Menace (U) [!]|3.5M
Spider-Man%20-%20The%20Movie%20%28U%29%20%5B%21%5D.zip|Spider-Man - The Movie (U) [!]|5.4M
Spider-Man%202%20%28U%29.zip|Spider-Man 2 (U)|1.3M
Spirit%20-%20Stallion%20of%20The%20Cimarron%20%28U%29%20%5B%21%5D.zip|Spirit - Stallion of The Cimarron (U) [!]|3.0M
Spirits%20%26%20Spells%20%28U%29.zip|Spirits & Spells (U)|4.2M
SpongeBob%20SquarePants%20-%20Battle%20for%20Bikini%20Bottom%20%28U%29%20%5BhI%5D.zip|SpongeBob SquarePants - Battle for Bikini Bottom (U) [hI]|4.2M
SpongeBob%20SquarePants%20-%20Creature%20From%20the%20Krusty%20Krab%20%28U%29.zip|SpongeBob SquarePants - Creature From the Krusty Krab (U)|2.0M
SpongeBob%20SquarePants%20-%20Lights%2C%20Camera%2C%20Pants%21%20%28U%29.zip|SpongeBob SquarePants - Lights, Camera, Pants! (U)|4.1M
SpongeBob%20SquarePants%20-%20Revenge%20of%20The%20Flying%20Dutchman%20%28U%29.zip|SpongeBob SquarePants - Revenge of The Flying Dutchman (U)|1.9M
SpongeBob%20SquarePants%20-%20SuperSponge%20%28U%29.zip|SpongeBob SquarePants - SuperSponge (U)|3.1M
SpongeBob%20SquarePants%20-%20The%20Movie%20%28U%29.zip|SpongeBob SquarePants - The Movie (U)|1.1M
Sports%20Illustrated%20For%20Kids%20Baseball%20%28U%29.zip|Sports Illustrated For Kids Baseball (U)|1.2M
Sports%20Illustrated%20For%20Kids%20Football%20%28U%29.zip|Sports Illustrated For Kids Football (U)|3.8M
Spy%20Hunter%20%28U%29.zip|Spy Hunter (U)|2.1M
Spy%20Kids%203-D%20-%20Game%20Over%20%28U%29.zip|Spy Kids 3-D - Game Over (U)|1.7M
Spy%20Kids%20Challenger%20%28U%29.zip|Spy Kids Challenger (U)|4.3M
Spy%20Muppets%20-%20License%20to%20Croak%20%28U%29%20%28M6%29.zip|Spy Muppets - License to Croak (U) (M6)|3.9M
Spyro%20-%20Attack%20of%20the%20Rhynocs%20%28U%29.zip|Spyro - Attack of the Rhynocs (U)|3.9M
Spyro%20-%20Season%20of%20Ice%20%28U%29%20%5B%21%5D.zip|Spyro - Season of Ice (U) [!]|4.4M
Spyro%202%20-%20Season%20of%20Flame%20%28U%29.zip|Spyro 2 - Season of Flame (U)|7.7M
Spyro%20Orange%20-%20The%20Cortex%20Conspiracy%20%28U%29.zip|Spyro Orange - The Cortex Conspiracy (U)|1.1M
Stadium%20Games%20%28U%29.zip|Stadium Games (U)|3.6M
Star%20Wars%20-%20Episode%20II%20-%20Attack%20of%20The%20Clones%20%28U%29.zip|Star Wars - Episode II - Attack of The Clones (U)|2.7M
Star%20Wars%20-%20Flight%20of%20the%20Falcon%20%28U%29.zip|Star Wars - Flight of the Falcon (U)|5.8M
Star%20Wars%20-%20Jedi%20Power%20Battles%20%28U%29.zip|Star Wars - Jedi Power Battles (U)|5.0M
Star%20Wars%20-%20The%20New%20Droid%20Army%20%28U%29.zip|Star Wars - The New Droid Army (U)|3.4M
Star%20Wars%20Episode%20III%20-%20Revenge%20of%20the%20Sith%20%28U%29.zip|Star Wars Episode III - Revenge of the Sith (U)|4.6M
Star%20Wars%20Trilogy%20-%20Apprentice%20of%20The%20Force%20%28U%29%20%28M3%29.zip|Star Wars Trilogy - Apprentice of The Force (U) (M3)|2.8M
Star%20X%20%28U%29%20%5B%21%5D.zip|Star X (U) [!]|1.6M
Starsky%20%26%20Hutch%20%28U%29%20%5Bh1I%5D.zip|Starsky & Hutch (U) [h1I]|1.9M
Strawberry%20Shortcake%20-%20Summertime%20Adventure%20%28U%29.zip|Strawberry Shortcake - Summertime Adventure (U)|2.0M
Strawberry%20Shortcake%20-%20Sweet%20Dreams%20%28U%29.zip|Strawberry Shortcake - Sweet Dreams (U)|6.8M
Street%20Fighter%20Alpha%203%20%28U%29.zip|Street Fighter Alpha 3 (U)|1.6M
Street%20Jam%20Basketball%20%28U%29.zip|Street Jam Basketball (U)|2.2M
Street%20Racing%20Syndicate%20%28U%29.zip|Street Racing Syndicate (U)|1.4M
Strike%20Force%20Hydra%20%28U%29.zip|Strike Force Hydra (U)|3.0M
Stuart%20Little%202%20%28U%29%20%5B%21%5D.zip|Stuart Little 2 (U) [!]|2.6M
Stuntman%20%28U%29%20%28M3%29.zip|Stuntman (U) (M3)|1.1M
Sudoku%20Fever%20%28U%29.zip|Sudoku Fever (U)|2.4M
Suite%20Life%20of%20Zack%20and%20Cody%2C%20The%20-%20Tipton%20Caper%20%28U%29%20%28M2%29.zip|Suite Life of Zack and Cody, The - Tipton Caper (U) (M2)|3.7M
Sum%20of%20All%20Fears%2C%20The%20%28U%29.zip|Sum of All Fears, The (U)|5.1M
Summon%20Night%20%28U%29.zip|Summon Night (U)|10.8M
Summon%20Night%20-%20Swordcraft%20Story%202%20%28U%29.zip|Summon Night - Swordcraft Story 2 (U)|2.5M
Super%20Army%20War%20%28U%29.zip|Super Army War (U)|1.9M
Super%20Bubble%20Pop%20%28U%29.zip|Super Bubble Pop (U)|1.8M
Super%20Bust-A-Move%20%28U%29%20%5B%21%5D.zip|Super Bust-A-Move (U) [!]|605.9K
Super%20Collapse%20II%20%28U%29.zip|Super Collapse II (U)|1.1M
Super%20Dodgeball%20Advance%20%28U%29%20%5B%21%5D.zip|Super Dodgeball Advance (U) [!]|1.4M
Super%20Duper%20Sumos%20%28U%29%20%5BhI%5D.zip|Super Duper Sumos (U) [hI]|2.2M
Super%20Ghouls%20%27N%20Ghosts%20%28U%29.zip|Super Ghouls 'N Ghosts (U)|1.3M
Super%20Hornet%20FA%2018F%20%28U%29.zip|Super Hornet FA 18F (U)|2.1M
Super%20Mario%20Advance%20%28U%29%20%5B%21%5D.zip|Super Mario Advance (U) [!]|1.5M
Super%20Mario%20Advance%202%20-%20Super%20Mario%20World%20%28U%29%20%5B%21%5D.zip|Super Mario Advance 2 - Super Mario World (U) [!]|2.5M
Super%20Mario%20Advance%203%20-%20Yoshi%27s%20Island%20%28U%29%20%5B%21%5D.zip|Super Mario Advance 3 - Yoshi's Island (U) [!]|2.3M
Super%20Mario%20Advance%204%20-%20Super%20Mario%20Bros.%203%20%28U%29%20%28V1.1%29.zip|Super Mario Advance 4 - Super Mario Bros. 3 (U) (V1.1)|2.0M
Super%20Monkey%20Ball%20Jr%20%28U%29%20%5B%21%5D.zip|Super Monkey Ball Jr (U) [!]|4.3M
Super%20Puzzle%20Fighter%20II%20Turbo%20%28U%29.zip|Super Puzzle Fighter II Turbo (U)|4.4M
Super%20Robot%20Taisen%20Original%20Generation%20%28U%29.zip|Super Robot Taisen Original Generation (U)|424.0K
Super%20Star%20Shooter%20Advance.zip|Super Star Shooter Advance|4.8M
Super%20Street%20Fighter%20II%20Turbo%20-%20Revival%20%28U%29%20%5B%21%5D.zip|Super Street Fighter II Turbo - Revival (U) [!]|2.8M
Superman%20-%20Countdown%20to%20Apokolips%20%28U%29%20%5BhI%5D.zip|Superman - Countdown to Apokolips (U) [hI]|8.2M
Sword%20of%20Mana%20%28U%29%20%5B%21%5D.zip|Sword of Mana (U) [!]|4.2M
Tactics%20Ogre%20-%20The%20Knight%20of%20Lodis%20%28U%29%20%5B%21%5D.zip|Tactics Ogre - The Knight of Lodis (U) [!]|2.9M
Tak%20-%20The%20Great%20Juju%20Challenge%20%28U%29.zip|Tak - The Great Juju Challenge (U)|4.4M
Tak%202%20-%20The%20Staff%20of%20Dreams%20%28U%29.zip|Tak 2 - The Staff of Dreams (U)|4.0M
Tak%20and%20the%20Power%20of%20Juju%20%28U%29.zip|Tak and the Power of Juju (U)|4.9M
Tales%20of%20Phantasia%20%28U%29.zip|Tales of Phantasia (U)|824.1K
Tang%20Tang%20%28U%29%20%5B%21%5D.zip|Tang Tang (U) [!]|3.3M
Teen%20Titans%20%28U%29.zip|Teen Titans (U)|3.2M
Teen%20Titans%202%20-%20The%20Brotherhood%27s%20Revenge%20%28U%29%20%28M2%29.zip|Teen Titans 2 - The Brotherhood's Revenge (U) (M2)|3.6M
Teenage%20Mutant%20Ninja%20Turtles%20%28U%29.zip|Teenage Mutant Ninja Turtles (U)|3.6M
Teenage%20Mutant%20Ninja%20Turtles%202%20-%20Battle%20Nexus%20%28U%29.zip|Teenage Mutant Ninja Turtles 2 - Battle Nexus (U)|7.6M
Teenage%20Mutant%20Ninja%20Turtles%20Double%20Pack%20%28U%29%20%28M5%29.zip|Teenage Mutant Ninja Turtles Double Pack (U) (M5)|5.9M
Tekken%20Advance%20%28U%29%20%5B%21%5D.zip|Tekken Advance (U) [!]|1.2M
Ten%20Pin%20Alley%202%20%28U%29.zip|Ten Pin Alley 2 (U)|3.0M
Terminator%203%20-%20Rise%20of%20The%20Machines%20%28U%29.zip|Terminator 3 - Rise of The Machines (U)|1.6M
Tetris%20Worlds%20%28U%29%20%5B%21%5D.zip|Tetris Worlds (U) [!]|2.5M
Texas%20Hold%27em%20Poker%20%28U%29.zip|Texas Hold'em Poker (U)|2.1M
Three%20Stooges%2C%20The%20%28U%29%20%5B%21%5D.zip|Three Stooges, The (U) [!]|1.3M
Thunder%20Alley%20%28U%29.zip|Thunder Alley (U)|2.2M
Thunderbirds%20%28U%29.zip|Thunderbirds (U)|13.2M
Tiger%20Woods%20PGA%20Tour%202004%20%28U%29.zip|Tiger Woods PGA Tour 2004 (U)|4.4M
Tiger%20Woods%20PGA%20Tour%20Golf%20%28U%29%20%5B%21%5D.zip|Tiger Woods PGA Tour Golf (U) [!]|4.4M
Tim%20Burton%27s%20The%20Nightmare%20Before%20Christmas%20-%20The%20Pumpkin%20King%20%28U%29%20%28M5%29.zip|Tim Burton's The Nightmare Before Christmas - The Pumpkin King (U) (M5)|2.2M
Tiny%20Toon%20Adventures%20-%20Scary%20Dreams%20%28U%29.zip|Tiny Toon Adventures - Scary Dreams (U)|1.6M
Tiny%20Toon%20Adventures%20-%20Wacky%20Stackers%20%28U%29.zip|Tiny Toon Adventures - Wacky Stackers (U)|1.4M
Tokyo%20Xtreme%20Racer%20Advance%20%28U%29.zip|Tokyo Xtreme Racer Advance (U)|4.8M
Tom%20Clancy%27s%20Splinter%20Cell%20%28U%29%20%28M3%29.zip|Tom Clancy's Splinter Cell (U) (M3)|4.8M
Tom%20Clancy%27s%20Splinter%20Cell%20-%20Pandora%20Tomorrow%20%28U%29%20%28M3%29.zip|Tom Clancy's Splinter Cell - Pandora Tomorrow (U) (M3)|2.4M
Tom%20and%20Jerry%20-%20Infurnal%20Escape%20%28U%29.zip|Tom and Jerry - Infurnal Escape (U)|3.0M
Tom%20and%20Jerry%20-%20The%20Magic%20Ring%20%28U%29%20%5B%21%5D.zip|Tom and Jerry - The Magic Ring (U) [!]|4.3M
Tomb%20Raider%20-%20The%20Prophecy%20%28U%29%20%28M5%29.zip|Tomb Raider - The Prophecy (U) (M5)|4.4M
Tony%20Hawk%27s%20American%20Sk8land%20%28U%29.zip|Tony Hawk's American Sk8land (U)|5.5M
Tony%20Hawk%27s%20Pro%20Skater%202%20%28U%29%20%5B%21%5D.zip|Tony Hawk's Pro Skater 2 (U) [!]|4.3M
Tony%20Hawk%27s%20Pro%20Skater%203%20%28U%29%20%5B%21%5D.zip|Tony Hawk's Pro Skater 3 (U) [!]|4.9M
Tony%20Hawk%27s%20Pro%20Skater%204%20%28U%29.zip|Tony Hawk's Pro Skater 4 (U)|4.9M
Tony%20Hawk%27s%20Underground%20%28U%29.zip|Tony Hawk's Underground (U)|5.1M
Tony%20Hawk%27s%20Underground%202%20%28U%29.zip|Tony Hawk's Underground 2 (U)|2.1M
Top%20Gear%20GT%20Championship%20%28U%29%20%5B%21%5D.zip|Top Gear GT Championship (U) [!]|3.1M
Top%20Gear%20Rally%20%28U%29.zip|Top Gear Rally (U)|1.8M
Top%20Gun%20-%20Combat%20Zones%20%28U%29.zip|Top Gun - Combat Zones (U)|2.3M
Top%20Gun%20Firestorm%20Advance%20%28U%29.zip|Top Gun Firestorm Advance (U)|7.2M
Top%20Spin%202%20%28U%29%20%28M5%29.zip|Top Spin 2 (U) (M5)|5.6M
Totally%20Spies%21%20%28U%29.zip|Totally Spies! (U)|3.3M
Tower%20SP%2C%20The%20%28U%29.zip|Tower SP, The (U)|805.7K
Tringo%20%28U%29.zip|Tringo (U)|4.7M
Trollz%20-%20Hair%20Affair%21%20%28U%29.zip|Trollz - Hair Affair! (U)|7.5M
Tron%202.0%20-%20Killer%20App%20%28U%29.zip|Tron 2.0 - Killer App (U)|1.1M
Turbo%20Turtle%20Adventure%20%28U%29.zip|Turbo Turtle Adventure (U)|3.8M
Turok%20Evolution%20%28U%29%20%5B%21%5D.zip|Turok Evolution (U) [!]|1.4M
Tweety%20and%20the%20Magic%20Gems%20%28U%29%20%5B%21%5D.zip|Tweety and the Magic Gems (U) [!]|4.2M
Ty%20the%20Tasmanian%20Tiger%202%20-%20Bush%20Rescue%20%28U%29%20%28M3%29.zip|Ty the Tasmanian Tiger 2 - Bush Rescue (U) (M3)|3.8M
Ty%20the%20Tasmanian%20Tiger%203%20-%20Night%20of%20the%20Quinkan%20%28U%29.zip|Ty the Tasmanian Tiger 3 - Night of the Quinkan (U)|2.1M
Ultimate%20Arcade%20Games%20%28U%29.zip|Ultimate Arcade Games (U)|2.5M
Ultimate%20Beach%20Soccer%20%28U%29.zip|Ultimate Beach Soccer (U)|1.9M
Ultimate%20Brain%20Games%20%28U%29.zip|Ultimate Brain Games (U)|2.4M
Ultimate%20Card%20Games%20%28U%29.zip|Ultimate Card Games (U)|9.5M
Ultimate%20Muscle%20-%20The%20Path%20of%20the%20Superhero%20%28U%29%20%5BhI%5D.zip|Ultimate Muscle - The Path of the Superhero (U) [hI]|1.2M
Ultimate%20Puzzle%20Games%20%28U%29.zip|Ultimate Puzzle Games (U)|7.7M
Ultimate%20Spider-Man%20%28U%29.zip|Ultimate Spider-Man (U)|3.9M
Ultimate%20Winter%20Games%20%28U%29.zip|Ultimate Winter Games (U)|1.8M
Unfabulous%20%28U%29.zip|Unfabulous (U)|1.2M
Uno%2052%20%28U%29.zip|Uno 52 (U)|2.3M
Urban%20Yeti%20%28U%29.zip|Urban Yeti (U)|24.1M
Urbz%2C%20The%20-%20Sims%20in%20the%20City%20%28UE%29%20%28M6%29.zip|Urbz, The - Sims in the City (UE) (M6)|2.5M
V-Rally%203%20%28U%29.zip|V-Rally 3 (U)|1.2M
V.I.P.%20%28U%29.zip|V.I.P. (U)|2.6M
Van%20Helsing%20%28U%29.zip|Van Helsing (U)|1.4M
VeggieTales%20-%20LarryBoy%20and%20the%20Bad%20Apple%20%28U%29.zip|VeggieTales - LarryBoy and the Bad Apple (U)|4.2M
Virtua%20Tennis%20%28U%29.zip|Virtua Tennis (U)|1.5M
Virtual%20Kasparov%20%28U%29%20%5B%21%5D.zip|Virtual Kasparov (U) [!]|1.8M
WTA%20Tour%20Tennis%20%28U%29.zip|WTA Tour Tennis (U)|2.4M
WWE%20-%20Road%20to%20Wrestlemania%20X8%20%28U%29%20%5BhI%5D.zip|WWE - Road to Wrestlemania X8 (U) [hI]|2.4M
WWE%20-%20Survivor%20Series%20%28U%29.zip|WWE - Survivor Series (U)|2.0M
WWF%20-%20Road%20to%20Wrestlemania%20%28U%29.zip|WWF - Road to Wrestlemania (U)|3.8M
Wade%20Hixton%27s%20Counter%20Punch%20%28U%29.zip|Wade Hixton's Counter Punch (U)|701.0K
Waimanu%20-%20Grinding%20Blocks%20Adventure.zip|Waimanu - Grinding Blocks Adventure|2.8M
Wakeboarding%20Unleashed%20featuring%20Shaun%20Murray%20%28U%29.zip|Wakeboarding Unleashed featuring Shaun Murray (U)|3.7M
Wario%20Land%204%20%28UE%29%20%5B%21%5D.zip|Wario Land 4 (UE) [!]|9.7M
WarioWare%20-%20Twisted%21%20%28U%29.zip|WarioWare - Twisted! (U)|4.7M
WarioWare%20Inc.%20%28U%29.zip|WarioWare Inc. (U)|2.1M
Whac-a-Mole%20%28U%29.zip|Whac-a-Mole (U)|2.0M
Wild%20Thornberrys%2C%20The%20-%20Chimp%20Chase%20%28U%29.zip|Wild Thornberrys, The - Chimp Chase (U)|2.6M
Wild%20Thornberrys%2C%20The%20-%20The%20Movie%20%28U%29.zip|Wild Thornberrys, The - The Movie (U)|3.8M
Wild%2C%20The%20%28U%29%20%28M4%29.zip|Wild, The (U) (M4)|8.0M
WinX%20Club%20%28U%29.zip|WinX Club (U)|2.2M
Wing%20Commander%20-%20Prophecy%20%28U%29%20%5BhI%5D.zip|Wing Commander - Prophecy (U) [hI]|3.0M
Wings%20%28U%29.zip|Wings (U)|1.8M
Winnie%20the%20Pooh%27s%20Rumbly%20Tumbly%20Adventure%20%28U%29%20%28M3%29.zip|Winnie the Pooh's Rumbly Tumbly Adventure (U) (M3)|2.8M
Wolfenstein%203D%20%28U%29.zip|Wolfenstein 3D (U)|3.3M
Woody%20Woodpecker%20in%20Crazy%20Castle%205%20%28U%29.zip|Woody Woodpecker in Crazy Castle 5 (U)|1.5M
World%20Championship%20Poker%20%28U%29.zip|World Championship Poker (U)|2.2M
World%20Poker%20Tour%20%28U%29.zip|World Poker Tour (U)|2.1M
World%20Reborn.zip|World Reborn|1.6M
World%20Tennis%20Stars%20%28U%29.zip|World Tennis Stars (U)|2.2M
Worms%20-%20World%20Party%20%28U%29%20%28M5%29.zip|Worms - World Party (U) (M5)|960.4K
X-Bladez%20-%20Inline%20Skater%20%28U%29.zip|X-Bladez - Inline Skater (U)|3.6M
X-Men%20-%20Reign%20of%20Apocalypse%20%28U%29%20%5B%21%5D.zip|X-Men - Reign of Apocalypse (U) [!]|2.7M
X-Men%20-%20The%20Official%20Game%20%28U%29.zip|X-Men - The Official Game (U)|4.0M
X-Men%202%20-%20Wolverine%27s%20Revenge%20%28U%29.zip|X-Men 2 - Wolverine's Revenge (U)|1.1M
XS%20Moto%20%28U%29.zip|XS Moto (U)|3.7M
Yoshi%20Topsy-Turvy%20%28U%29.zip|Yoshi Topsy-Turvy (U)|3.8M
Yu%20Yu%20Hakusho%20-%20Spirit%20Detective%20%28U%29.zip|Yu Yu Hakusho - Spirit Detective (U)|3.7M
Yu%20Yu%20Hakusho%20Tournament%20Tactics%20%28U%29.zip|Yu Yu Hakusho Tournament Tactics (U)|9.0M
Yu-Gi-Oh%21%20-%207%20Trials%20to%20Glory%20-%20World%20Championship%20Tournament%202005%20%28U%29%20%28M6%29.zip|Yu-Gi-Oh! - 7 Trials to Glory - World Championship Tournament 2005 (U) (M6)|3.9M
Yu-Gi-Oh%21%20-%20Destiny%20Board%20Traveler%20%28U%29.zip|Yu-Gi-Oh! - Destiny Board Traveler (U)|6.2M
Yu-Gi-Oh%21%20-%20Dungeon%20Dice%20Monsters%20%28U%29%20%28M2%29.zip|Yu-Gi-Oh! - Dungeon Dice Monsters (U) (M2)|21.9M
Yu-Gi-Oh%21%20-%20GX%20Duel%20Academy%20%28U%29.zip|Yu-Gi-Oh! - GX Duel Academy (U)|9.8M
Yu-Gi-Oh%21%20-%20Reshef%20of%20Destruction%20%28U%29.zip|Yu-Gi-Oh! - Reshef of Destruction (U)|5.1M
Yu-Gi-Oh%21%20-%20The%20Eternal%20Duelist%20Soul%20%28U%29%20%5BhI%5D.zip|Yu-Gi-Oh! - The Eternal Duelist Soul (U) [hI]|9.5M
Yu-Gi-Oh%21%20-%20The%20Sacred%20Cards%20%28U%29%20%5B%21%5D.zip|Yu-Gi-Oh! - The Sacred Cards (U) [!]|19.5M
Yu-Gi-Oh%21%20-%20Ultimate%20Masters%202006%20%28U%29.zip|Yu-Gi-Oh! - Ultimate Masters 2006 (U)|7.9M
Yu-Gi-Oh%21%20-%20World%20Championship%20Tournament%202004%20%28U%29%20%28M6%29.zip|Yu-Gi-Oh! - World Championship Tournament 2004 (U) (M6)|6.4M
Yu-Gi-Oh%21%20-%20Worldwide%20Edition%20%28U%29.zip|Yu-Gi-Oh! - Worldwide Edition (U)|2.2M
Zapper%20%28U%29.zip|Zapper (U)|3.7M
ZatchBell%21%20Electric%20Arena%20%28U%29.zip|ZatchBell! Electric Arena (U)|4.5M
Zoids%20Legacy%20%28U%29.zip|Zoids Legacy (U)|4.1M
Zone%20of%20The%20Enders%20-%20The%20Fist%20of%20Mars%20%28U%29%20%5B%21%5D.zip|Zone of The Enders - The Fist of Mars (U) [!]|1.1M
ZooCube%20%28U%29.zip|ZooCube (U)|2.5M
