2020%20Super%20Baseball%20%28U%29.zip|2020 Super Baseball (U)|1.1M
3%20Ninjas%20Kick%20Back%20%28U%29.zip|3 Ninjas Kick Back (U)|789.8K
7th%20Saga%2C%20The%20%28U%29%20%5B%21%5D.zip|7th Saga, The (U) [!]|517.1K
A%20Bug%27s%20Life.zip|A Bug's Life|566.1K
A.S.P.%20Air%20Strike%20Patrol%20%28U%29.zip|A.S.P. Air Strike Patrol (U)|1.2M
AAAHH%21%21%21%20Real%20Monsters%20%28U%29%20%5B%21%5D.zip|AAAHH!!! Real Monsters (U) [!]|520.7K
ABC%20Monday%20Night%20Football%20%28U%29.zip|ABC Monday Night Football (U)|708.5K
ACME%20Animation%20Factory%20%28U%29.zip|ACME Animation Factory (U)|576.1K
AD%26D%20-%20Eye%20of%20the%20Beholder%20%28U%29%20%5B%21%5D.zip|AD&D - Eye of the Beholder (U) [!]|789.2K
Accelebrid.zip|Accelebrid|685.0K
Ace%20o%20Nerae%21.zip|Ace o Nerae!|669.9K
ActRaiser%20%28U%29%20%5B%21%5D.zip|ActRaiser (U) [!]|529.2K
ActRaiser%20%28USA%29%20%28Arcade%29.zip|ActRaiser (USA) (Arcade)|1.1M
ActRaiser%202%20%28U%29%20%5B%21%5D.zip|ActRaiser 2 (U) [!]|1.3M
Addams%20Family%20Values%20%28U%29%20%5B%21%5D.zip|Addams Family Values (U) [!]|758.5K
Addams%20Family%2C%20The%20%28U%29%20%5B%21%5D.zip|Addams Family, The (U) [!]|807.0K
Addams%20Family%2C%20The%20-%20Pugsley%27s%20Scavenger%20Hunt%20%28U%29.zip|Addams Family, The - Pugsley's Scavenger Hunt (U)|1.4M
Adventures%20of%20Batman%20%26%20Robin%2C%20The%20%28U%29.zip|Adventures of Batman & Robin, The (U)|795.8K
Adventures%20of%20Dr.%20Franken%2C%20The%20%28U%29.zip|Adventures of Dr. Franken, The (U)|812.6K
Adventures%20of%20Kid%20Kleets%2C%20The%20%28U%29%20%5B%21%5D.zip|Adventures of Kid Kleets, The (U) [!]|615.0K
Adventures%20of%20Rocky%20and%20Bullwinkle%20and%20Friends%2C%20The%20%28U%29.zip|Adventures of Rocky and Bullwinkle and Friends, The (U)|563.2K
Aero%20Fighters%20%28U%29.zip|Aero Fighters (U)|706.7K
Aero%20the%20Acro-Bat%20%28U%29%20%5B%21%5D.zip|Aero the Acro-Bat (U) [!]|1.3M
Aero%20the%20Acro-Bat%202%20%28U%29.zip|Aero the Acro-Bat 2 (U)|457.6K
Aerobiz%20%28U%29%20%5B%21%5D.zip|Aerobiz (U) [!]|593.0K
Aerobiz%20Supersonic%20%28U%29.zip|Aerobiz Supersonic (U)|458.2K
Air%20Cavalry%20%28U%29.zip|Air Cavalry (U)|574.6K
Al%20Unser%20Jr%27s%20Road%20to%20the%20Top%20%28U%29.zip|Al Unser Jr's Road to the Top (U)|809.1K
Aladdin%20%28U%29%20%5B%21%5D.zip|Aladdin (U) [!]|680.9K
Aladdin%202000.zip|Aladdin 2000|808.1K
Alcahest.zip|Alcahest|597.3K
Alien%203%20%28U%29%20%5B%21%5D.zip|Alien 3 (U) [!]|589.3K
Alien%20vs.%20Predator%20%28U%29.zip|Alien vs. Predator (U)|730.7K
American%20Gladiators%20%28U%29.zip|American Gladiators (U)|513.8K
American%20Tail%2C%20An%20-%20Fievel%20Goes%20West%20%28U%29.zip|American Tail, An - Fievel Goes West (U)|1.1M
Ancient%20Magic%20-%20Bazoo%21%20Mahou%20Sekai.zip|Ancient Magic - Bazoo! Mahou Sekai|390.0K
Andre%20Agassi%20Tennis%20%28U%29%20%5B%21%5D.zip|Andre Agassi Tennis (U) [!]|746.7K
Animaniacs%20%28U%29%20%5B%21%5D.zip|Animaniacs (U) [!]|1.6M
Arabian%20Nights%20-%20Sabaku%20no%20Seirei%20Ou.zip|Arabian Nights - Sabaku no Seirei Ou|270.0K
Arcade%27s%20Greatest%20Hits%20%28U%29%20%5B%21%5D.zip|Arcade's Greatest Hits (U) [!]|221.3K
Arcade%27s%20Greatest%20Hits%20-%20The%20Atari%20Collection%201%20%28U%29.zip|Arcade's Greatest Hits - The Atari Collection 1 (U)|652.4K
Arcana%20%28U%29.zip|Arcana (U)|647.6K
Ardy%20Lightfoot%20%28U%29.zip|Ardy Lightfoot (U)|229.2K
Arkanoid%20-%20Doh%20It%20Again%20%28U%29%20%5B%21%5D.zip|Arkanoid - Doh It Again (U) [!]|1.2M
Art%20of%20Fighting%20%28U%29.zip|Art of Fighting (U)|515.8K
Ashita%20no%20Joe.zip|Ashita no Joe|770.5K
Assault%20Suits%20Valken.zip|Assault Suits Valken|782.5K
Axelay%20%28U%29%20%5B%21%5D.zip|Axelay (U) [!]|735.9K
B.O.B.%20%28U%29%20%5B%21%5D.zip|B.O.B. (U) [!]|756.9K
BS%20Zelda%20no%20Densetsu%20-%20Dai%201%20Hanashi.zip|BS Zelda no Densetsu - Dai 1 Hanashi|218.4K
BS%20Zelda%20no%20Densetsu%20-%20Dai%202%20Hanashi.zip|BS Zelda no Densetsu - Dai 2 Hanashi|262.0K
BS%20Zelda%20no%20Densetsu%20-%20Dai%203%20Hanashi.zip|BS Zelda no Densetsu - Dai 3 Hanashi|333.8K
BS%20Zelda%20no%20Densetsu%20-%20Dai%204%20Hanashi.zip|BS Zelda no Densetsu - Dai 4 Hanashi|772.5K
BS%20Zelda%20no%20Densetsu%20-%20Map%202%20-%20Dai%201%20Hanashi.zip|BS Zelda no Densetsu - Map 2 - Dai 1 Hanashi|269.5K
BS%20Zelda%20no%20Densetsu%20-%20Map%202%20-%20Dai%202%20Hanashi.zip|BS Zelda no Densetsu - Map 2 - Dai 2 Hanashi|344.2K
BS%20Zelda%20no%20Densetsu%20-%20Map%202%20-%20Dai%203%20Hanashi.zip|BS Zelda no Densetsu - Map 2 - Dai 3 Hanashi|240.9K
BS%20Zelda%20no%20Densetsu%20-%20Map%202%20-%20Dai%204%20Hanashi.zip|BS Zelda no Densetsu - Map 2 - Dai 4 Hanashi|690.0K
BS%20Zelda%20no%20Densetsu%20Inishie%20no%20Sekiban%20Dai%201%20Wa.zip|BS Zelda no Densetsu Inishie no Sekiban Dai 1 Wa|705.8K
BS%20Zelda%20no%20Densetsu%20Inishie%20no%20Sekiban%20Dai%202%20Wa.zip|BS Zelda no Densetsu Inishie no Sekiban Dai 2 Wa|721.1K
BS%20Zelda%20no%20Densetsu%20Inishie%20no%20Sekiban%20Dai%203%20Wa.zip|BS Zelda no Densetsu Inishie no Sekiban Dai 3 Wa|770.7K
BS%20Zelda%20no%20Densetsu%20Inishie%20no%20Sekiban%20Dai%204%20Wa.zip|BS Zelda no Densetsu Inishie no Sekiban Dai 4 Wa|2.0M
Bahamut%20Lagoon%20%28ENG%29%20%23%20SNES.zip|Bahamut Lagoon (ENG) # SNES|2.0M
Bahamut%20Lagoon.zip|Bahamut Lagoon|624.1K
Ball%20Bullet%20Gun.zip|Ball Bullet Gun|679.2K
Ballz%203D%20%28U%29%20%5B%21%5D.zip|Ballz 3D (U) [!]|361.6K
Bananas%20de%20Pijamas.zip|Bananas de Pijamas|476.4K
Barbie%20Super%20Model%20%28U%29.zip|Barbie Super Model (U)|582.4K
Barbie%20Vacation%20Adventure%20%28U%29.zip|Barbie Vacation Adventure (U)|661.6K
Barkley%20Shut%20Up%20and%20Jam%21%20%28U%29.zip|Barkley Shut Up and Jam! (U)|1.1M
Bass%20Masters%20Classic%20%28U%29.zip|Bass Masters Classic (U)|1.4M
Bass%20Masters%20Classic%20-%20Pro%20Edition%20%28U%29%20%5B%21%5D.zip|Bass Masters Classic - Pro Edition (U) [!]|1.1M
Bassin%27s%20Black%20Bass%20%28U%29.zip|Bassin's Black Bass (U)|593.0K
Bastard%21%21%20-%20Ankoku%20no%20Hakaishin.zip|Bastard!! - Ankoku no Hakaishin|438.4K
Batman%20-%20Revenge%20of%20the%20Joker%20%28U%29.zip|Batman - Revenge of the Joker (U)|2.1M
Batman%20Forever%20%28U%29%20%5B%21%5D.zip|Batman Forever (U) [!]|745.0K
Batman%20Returns%20%28U%29%20%5B%21%5D.zip|Batman Returns (U) [!]|595.4K
Battle%20Blaze%20%28U%29%20%5B%21%5D.zip|Battle Blaze (U) [!]|757.3K
Battle%20Cars%20%28U%29%20%5B%21%5D.zip|Battle Cars (U) [!]|676.4K
Battle%20Clash%20%28U%29%20%5B%21%5D.zip|Battle Clash (U) [!]|379.1K
Battle%20Grand%20Prix%20%28U%29.zip|Battle Grand Prix (U)|503.4K
Battle%20Soccer%20-%20Field%20no%20Hasha.zip|Battle Soccer - Field no Hasha|680.8K
Battletoads%20%26%20Double%20Dragon%20-%20The%20Ultimate%20Team%20%28U%29%20%5B%21%5D.zip|Battletoads & Double Dragon - The Ultimate Team (U) [!]|654.9K
Battletoads%20in%20Battlemaniacs%20%28U%29%20%5B%21%5D.zip|Battletoads in Battlemaniacs (U) [!]|318.4K
Bazooka%20Blitzkrieg%20%28U%29.zip|Bazooka Blitzkrieg (U)|718.9K
Beauty%20and%20the%20Beast%20%28U%29.zip|Beauty and the Beast (U)|1.0M
Beavis%20and%20Butt-head%20%28U%29%20%5B%21%5D.zip|Beavis and Butt-head (U) [!]|564.2K
Bebe%27s%20Kids%20%28U%29%20%5B%21%5D.zip|Bebe's Kids (U) [!]|308.1K
Beethoven%27s%202nd%20%28U%29.zip|Beethoven's 2nd (U)|588.0K
Best%20of%20the%20Best%20-%20Championship%20Karate%20%28U%29.zip|Best of the Best - Championship Karate (U)|544.9K
Big%20Sky%20Trooper%20%28U%29%20%5B%21%5D.zip|Big Sky Trooper (U) [!]|734.5K
Biker%20Mice%20From%20Mars%20%28U%29%20%5B%21%5D.zip|Biker Mice From Mars (U) [!]|196.8K
Bill%20Laimbeer%27s%20Combat%20Basketball%20%28U%29%20%5B%21%5D.zip|Bill Laimbeer's Combat Basketball (U) [!]|748.7K
Bill%20Walsh%20College%20Football%20%28U%29%20%5B%21%5D.zip|Bill Walsh College Football (U) [!]|448.5K
Bio%20Metal%20%28U%29%20%5B%21%5D.zip|Bio Metal (U) [!]|2.4M
Bishoujo%20Senshi%20Sailor%20Moon%20-%20Another%20Story.zip|Bishoujo Senshi Sailor Moon - Another Story|1.5M
Bishoujo%20Senshi%20Sailor%20Moon%20R.zip|Bishoujo Senshi Sailor Moon R|692.2K
Blackthorne%20%28U%29%20%5B%21%5D.zip|Blackthorne (U) [!]|496.9K
Blazeon%20%28U%29.zip|Blazeon (U)|303.6K
Blues%20Brothers%2C%20The%20%28U%29%20%5B%21%5D.zip|Blues Brothers, The (U) [!]|637.4K
Bobby%27s%20World%20%28U%29.zip|Bobby's World (U)|719.3K
Bonkers%20%28U%29.zip|Bonkers (U)|1.9M
Boogerman%20-%20A%20Pick%20and%20Flick%20Adventure%20%28U%29%20%5B%21%5D.zip|Boogerman - A Pick and Flick Adventure (U) [!]|744.3K
Boxing%20Legends%20of%20the%20Ring%20%28U%29.zip|Boxing Legends of the Ring (U)|688.1K
Brain%20Lord%20%28U%29%20%5B%21%5D.zip|Brain Lord (U) [!]|301.2K
Brainies%2C%20The%20%28U%29.zip|Brainies, The (U)|749.0K
Bram%20Stoker%27s%20Dracula%20%28U%29.zip|Bram Stoker's Dracula (U)|966.2K
Brandish%20%28U%29%20%5B%21%5D.zip|Brandish (U) [!]|1.8M
Brandish%202%20-%20The%20Planet%20Buster.zip|Brandish 2 - The Planet Buster|914.8K
Brawl%20Brothers%20%28U%29%20%5B%21%5D.zip|Brawl Brothers (U) [!]|228.3K
BreakThru%21%20%28U%29.zip|BreakThru! (U)|1.0M
Breath%20of%20Fire%20%28U%29%20%5B%21%5D.zip|Breath of Fire (U) [!]|1.7M
Breath%20of%20Fire%20II%20%28U%29%20%5B%21%5D.zip|Breath of Fire II (U) [!]|1.1M
Brett%20Hull%20Hockey%20%2795%20%28U%29.zip|Brett Hull Hockey '95 (U)|1.2M
Brett%20Hull%20Hockey%20%28U%29%20%5B%21%5D.zip|Brett Hull Hockey (U) [!]|449.0K
Bronkie%20Health%20Hero%20%28U%29.zip|Bronkie Health Hero (U)|726.2K
Brunswick%20World%20Tournament%20of%20Champions%20%28U%29.zip|Brunswick World Tournament of Champions (U)|1.3M
Brutal%20-%20Paws%20of%20Fury%20%28U%29.zip|Brutal - Paws of Fury (U)|1.1M
Bubsy%20II%20%28U%29.zip|Bubsy II (U)|1.1M
Bubsy%20in%20Claws%20Encounters%20of%20the%20Furred%20Kind%20%28U%29%20%5B%21%5D.zip|Bubsy in Claws Encounters of the Furred Kind (U) [!]|873.9K
Bugs%20Bunny%20-%20Rabbit%20Rampage%20%28U%29%20%5B%21%5D.zip|Bugs Bunny - Rabbit Rampage (U) [!]|493.5K
Bulls%20Vs%20Blazers%20and%20the%20NBA%20Playoffs%20%28U%29%20%28V1.1%29%20%5B%21%5D.zip|Bulls Vs Blazers and the NBA Playoffs (U) (V1.1) [!]|268.8K
Bust-A-Move%20%28U%29.zip|Bust-A-Move (U)|390.7K
Cacoma%20Knight%20in%20Bizyland%20%28U%29.zip|Cacoma Knight in Bizyland (U)|631.1K
Cal%20Ripken%20Jr.%20Baseball%20%28U%29%20%5B%21%5D.zip|Cal Ripken Jr. Baseball (U) [!]|463.4K
California%20Games%20II%20%28U%29.zip|California Games II (U)|784.5K
Cannondale%20Cup%20%28U%29%20%5B%21%5D.zip|Cannondale Cup (U) [!]|619.9K
Capcom%27s%20MVP%20Football%20%28U%29.zip|Capcom's MVP Football (U)|734.5K
Capcom%27s%20Soccer%20Shootout%20%28U%29.zip|Capcom's Soccer Shootout (U)|774.5K
Captain%20America%20and%20The%20Avengers%20%28U%29.zip|Captain America and The Avengers (U)|1.3M
Captain%20Commando%20%28U%29.zip|Captain Commando (U)|341.6K
Captain%20Novolin%20%28U%29.zip|Captain Novolin (U)|1.0M
Carrier%20Aces%20%28U%29.zip|Carrier Aces (U)|387.2K
Casper%20%28U%29.zip|Casper (U)|1.2M
Castlevania%20-%20Dracula%20X%20%28U%29%20%5B%21%5D.zip|Castlevania - Dracula X (U) [!]|548.5K
Champions%20World%20Class%20Soccer%20%28U%29.zip|Champions World Class Soccer (U)|409.7K
Championship%20Pool%20%28U%29.zip|Championship Pool (U)|230.7K
Championship%20Soccer%20%2794%20%28U%29.zip|Championship Soccer '94 (U)|1.9M
Chaos%20Seed.zip|Chaos Seed|404.5K
Chavez%20%28U%29.zip|Chavez (U)|649.9K
Chavez%20II%20%28U%29.zip|Chavez II (U)|110.3K
Chessmaster%2C%20The%20%28U%29.zip|Chessmaster, The (U)|368.4K
Chester%20Cheetah%20-%20Too%20Cool%20to%20Fool%20%28U%29%20%5B%21%5D.zip|Chester Cheetah - Too Cool to Fool (U) [!]|672.5K
Chester%20Cheetah%20-%20Wild%20Wild%20Quest%20%28U%29%20%2859734%29.zip|Chester Cheetah - Wild Wild Quest (U) (59734)|379.3K
Choplifter%20III%20%28U%29%20%2854553%29.zip|Choplifter III (U) (54553)|806.8K
Chou-Genjin%202.zip|Chou-Genjin 2|2.2M
Chou-Mahou%20Tairiku%20Wozz.zip|Chou-Mahou Tairiku Wozz|2.9M
Chrono%20Trigger%20%28U%29%20%5B%21%5D.zip|Chrono Trigger (U) [!]|493.4K
Chuck%20Rock%20%28U%29.zip|Chuck Rock (U)|942.5K
Civilization%20%28U%29%20%5B%21%5D.zip|Civilization (U) [!]|83.4K
Classic%20Kong%20Complete.zip|Classic Kong Complete|1.6M
Clay%20Fighter%20%28U%29%20%5B%21%5D.zip|Clay Fighter (U) [!]|2.1M
Clay%20Fighter%20-%20Tournament%20Edition%20%28U%29.zip|Clay Fighter - Tournament Edition (U)|2.1M
Clay%20Fighter%202%20-%20Judgment%20Clay%20%28U%29%20%5B%21%5D.zip|Clay Fighter 2 - Judgment Clay (U) [!]|699.9K
Claymates%20%28U%29%20%5B%21%5D.zip|Claymates (U) [!]|321.3K
Claymates%20Demo%20%28U%29.zip|Claymates Demo (U)|568.2K
Cliffhanger%20%28U%29.zip|Cliffhanger (U)|1.6M
Clock%20Tower.zip|Clock Tower|327.9K
Clue%20%28U%29%20%5B%21%5D.zip|Clue (U) [!]|979.1K
College%20Football%20USA%20%2797%20-%20The%20Road%20to%20New%20Orleans%20%28U%29%20%5B%21%5D.zip|College Football USA '97 - The Road to New Orleans (U) [!]|1.6M
College%20Slam%20Basketball%20%28U%29%20%5B%21%5D.zip|College Slam Basketball (U) [!]|862.1K
Combatribes%2C%20The%20%28U%29.zip|Combatribes, The (U)|335.2K
Congo%27s%20Caper%20%28U%29.zip|Congo's Caper (U)|735.8K
Contra%20III%20-%20The%20Alien%20Wars%20%28U%29%20%5B%21%5D.zip|Contra III - The Alien Wars (U) [!]|664.8K
Cool%20Spot%20%28U%29%20%5B%21%5D.zip|Cool Spot (U) [!]|667.0K
Cool%20World%20%28U%29%20%5B%21%5D.zip|Cool World (U) [!]|1.1M
Crystal%20Beans%20-%20From%20Dungeon%20Explorer.zip|Crystal Beans - From Dungeon Explorer|404.5K
Cu-On-Pa%20SFC.zip|Cu-On-Pa SFC|1.0M
Cutthroat%20Island%20%28U%29%20%5B%21%5D.zip|Cutthroat Island (U) [!]|1.6M
Cyber%20Knight%20II%20-%20Chikyuu%20Teikoku%20no%20Yabou.zip|Cyber Knight II - Chikyuu Teikoku no Yabou|594.3K
Cyber%20Knight.zip|Cyber Knight|362.4K
Cyber%20Spin%20%28U%29%20%5B%21%5D.zip|Cyber Spin (U) [!]|773.7K
Cybernator%20%28U%29.zip|Cybernator (U)|584.5K
Cyborg%20009.zip|Cyborg 009|452.5K
D-Force%20%28U%29.zip|D-Force (U)|576.0K
Daffy%20Duck%20-%20The%20Marvin%20Missions%20%28U%29%20%5B%21%5D.zip|Daffy Duck - The Marvin Missions (U) [!]|1.2M
Dai%203%20Ji%20-%20Super%20Robot%20Taisen%20%28ENG%29%20%23%20SNES.zip|Dai 3 Ji - Super Robot Taisen (ENG) # SNES|1.2M
Dai-3-Ji%20Super%20Robot%20Taisen.zip|Dai-3-Ji Super Robot Taisen|398.5K
Darius%20Twin%20%28U%29%20%5B%21%5D.zip|Darius Twin (U) [!]|2.1M
Dark%20Law%20-%20Meaning%20of%20Death.zip|Dark Law - Meaning of Death|506.5K
David%20Crane%27s%20Amazing%20Tennis%20%28U%29%20%5B%21%5D.zip|David Crane's Amazing Tennis (U) [!]|1.3M
Death%20and%20Return%20of%20Superman%2C%20The%20%28U%29.zip|Death and Return of Superman, The (U)|964.6K
Demolition%20Man%20%28U%29.zip|Demolition Man (U)|1.3M
Demon%27s%20Crest%20%28U%29%20%5B%21%5D.zip|Demon's Crest (U) [!]|692.9K
Dennis%20the%20Menace%20%28U%29.zip|Dennis the Menace (U)|2.0M
Der%20Langrisser.zip|Der Langrisser|657.8K
Desert%20Strike%20-%20Return%20to%20the%20Gulf%20%28U%29%20%5B%21%5D.zip|Desert Strike - Return to the Gulf (U) [!]|506.1K
Dig%20%26%20Spike%20Volleyball%20%28U%29.zip|Dig & Spike Volleyball (U)|470.1K
Digimon%20Adventure.zip|Digimon Adventure|426.9K
Dino%20City%20%28U%29.zip|Dino City (U)|319.6K
Dirt%20Trax%20FX%20%28U%29%20%5B%21%5D.zip|Dirt Trax FX (U) [!]|1.5M
DoReMi%20Fantasy%20-%20Milon%20no%20DokiDoki%20Daibouken.zip|DoReMi Fantasy - Milon no DokiDoki Daibouken|1.1M
Donald%20Duck%20and%20the%20Magical%20Hat%20%28Japan%20%2B%20English%29.zip|Donald Duck and the Magical Hat (Japan + English)|2.4M
Donkey%20Kong%20Country%20%28Competition%20Cartridge%29.zip|Donkey Kong Country (Competition Cartridge)|2.4M
Donkey%20Kong%20Country%20%28U%29%20%28V1.2%29%20%5B%21%5D.zip|Donkey Kong Country (U) (V1.2) [!]|2.4M
Donkey%20Kong%20Country%20%28USA%2C%20Europe%29%20%28Rev%202%29%20%28Virtual%20Console%2C%20Classic%20Mini%2C%20Switch%20Online%29.zip|Donkey Kong Country (USA, Europe) (Rev 2) (Virtual Console, Classic Mini, Switch Online)|2.5M
Donkey%20Kong%20Country%20-%20Competition%20Cartridge%20%28U%29.zip|Donkey Kong Country - Competition Cartridge (U)|2.8M
Donkey%20Kong%20Country%202%20-%20Diddy%27s%20Kong%20Quest%20%28U%29%20%28V1.1%29%20%5B%21%5D.zip|Donkey Kong Country 2 - Diddy's Kong Quest (U) (V1.1) [!]|2.8M
Donkey%20Kong%20Country%202%20-%20Diddy%27s%20Kong%20Quest%20%28USA%29%20%28En%2CFr%29%20%28Rev%201%29%20%28Virtual%20Console%29.zip|Donkey Kong Country 2 - Diddy's Kong Quest (USA) (En,Fr) (Rev 1) (Virtual Console)|3.1M
Donkey%20Kong%20Country%203%20-%20Dixie%20Kong%27s%20Double%20Trouble%20%28U%29%20%5B%21%5D.zip|Donkey Kong Country 3 - Dixie Kong's Double Trouble (U) [!]|1.3M
Doom%20%28U%29%20%5B%21%5D.zip|Doom (U) [!]|781.7K
Doomsday%20Warrior%20%28U%29%20%5B%21%5D.zip|Doomsday Warrior (U) [!]|855.8K
Dorke%20%26%20Ymp.zip|Dorke & Ymp|574.0K
Dossun%21%20Ganseki%20Battle%20%28ENG%29%20%23%20SNES.zip|Dossun! Ganseki Battle (ENG) # SNES|563.2K
Dossun%21%20Ganseki%20Battle.zip|Dossun! Ganseki Battle|1.8M
Double%20Dragon%20V%20-%20The%20Shadow%20Falls%20%28U%29.zip|Double Dragon V - The Shadow Falls (U)|1.5M
Dragon%20-%20The%20Bruce%20Lee%20Story%20%28U%29.zip|Dragon - The Bruce Lee Story (U)|1.8M
Dragon%20Ball%20Z%20-%20Hyper%20Dimension.zip|Dragon Ball Z - Hyper Dimension|1.1M
Dragon%20Ball%20Z%20-%20Super%20Butouden%203.zip|Dragon Ball Z - Super Butouden 3|988.5K
Dragon%20Ball%20Z%20-%20Super%20Butouden.zip|Dragon Ball Z - Super Butouden|685.8K
Dragon%20Ball%20Z%20-%20Super%20Saiya%20Densetsu.zip|Dragon Ball Z - Super Saiya Densetsu|871.6K
Dragon%20Quest%201%20and%202%20%28ENG%29%20%23%20SNES.zip|Dragon Quest 1 and 2 (ENG) # SNES|1.3M
Dragon%20Quest%205%20-%20Tenkuu%20no%20Hanayome%20%28ENG%29%20%23%20SNES.zip|Dragon Quest 5 - Tenkuu no Hanayome (ENG) # SNES|2.5M
Dragon%20Quest%206%20-%20Maboroshi%20no%20Daichi%20%28ENG%29%20%23%20SNES.zip|Dragon Quest 6 - Maboroshi no Daichi (ENG) # SNES|867.9K
Dragon%20Quest%20I%20%26%20II.zip|Dragon Quest I & II|2.4M
Dragon%20Quest%20III%20-%20Soshite%20Densetsu%20e....zip|Dragon Quest III - Soshite Densetsu e...|1.3M
Dragon%20Quest%20V%20-%20Tenkuu%20no%20Hanayome.zip|Dragon Quest V - Tenkuu no Hanayome|2.5M
Dragon%20Quest%20VI%20-%20Maboroshi%20no%20Daichi.zip|Dragon Quest VI - Maboroshi no Daichi|1.2M
Dragon%20View%20%28U%29%20%5B%21%5D.zip|Dragon View (U) [!]|350.6K
Dragon%27s%20Lair%20%28U%29%20%5B%21%5D.zip|Dragon's Lair (U) [!]|1.8M
Dragon-Ball%20Z%20-%20Hyper%20Dimension%20%28ENG%29%20%23%20SNES.zip|Dragon-Ball Z - Hyper Dimension (ENG) # SNES|999.8K
Dragon-Ball%20Z%20-%20Super%20Butouden%20%28ENG%29%20%23%20SNES.zip|Dragon-Ball Z - Super Butouden (ENG) # SNES|1.1M
Dragon-Ball%20Z%20-%20Super%20Butouden%203%20%28ENG%29%20%23%20SNES.zip|Dragon-Ball Z - Super Butouden 3 (ENG) # SNES|1.0M
Dragon-Ball%20Z%20-%20Super%20Gokuden%20Totsugeki%20Hen%20%28ENG%29%20%23%20SNES.zip|Dragon-Ball Z - Super Gokuden Totsugeki Hen (ENG) # SNES|693.2K
Dragon-Ball%20Z%20-%20Super%20Saiyan%20Densetsu%20%28ENG%29%20%23%20SNES.zip|Dragon-Ball Z - Super Saiyan Densetsu (ENG) # SNES|1.1M
Dragon-Ball-Z%20-%20Super%20Gokuden%202%20%28ENG%29%20%23%20SNES.zip|Dragon-Ball-Z - Super Gokuden 2 (ENG) # SNES|623.0K
Drakkhen%20%28U%29%20%5B%21%5D.zip|Drakkhen (U) [!]|351.0K
Dream%20TV%20%28U%29.zip|Dream TV (U)|1.6M
Dual%20Orb%202%20%28ENG%29%20%23%20SNES.zip|Dual Orb 2 (ENG) # SNES|1.9M
Dual%20Orb%20II.zip|Dual Orb II|636.2K
Dungeon%20Master%20%28U%29.zip|Dungeon Master (U)|1.2M
E.V.O.%20Search%20for%20Eden%20%28U%29.zip|E.V.O. Search for Eden (U)|996.0K
ESPN%20Baseball%20Tonight%20%28U%29%20%2829611%29.zip|ESPN Baseball Tonight (U) (29611)|1,012.7K
ESPN%20National%20Hockey%20Night%20%28U%29.zip|ESPN National Hockey Night (U)|1.1M
ESPN%20Speedworld%20%28U%29.zip|ESPN Speedworld (U)|971.0K
ESPN%20Sunday%20Night%20NFL%20%28U%29.zip|ESPN Sunday Night NFL (U)|2.0M
Earthbound%20%28U%29%20%5B%21%5D.zip|Earthbound (U) [!]|1.9M
Earthworm%20Jim%20%28U%29%20%5B%21%5D.zip|Earthworm Jim (U) [!]|2.1M
Earthworm%20Jim%202%20%28U%29%20%5B%21%5D.zip|Earthworm Jim 2 (U) [!]|819.6K
Eek%21%20The%20Cat%20%28U%29.zip|Eek! The Cat (U)|1.3M
Eien%20no%20Filena.zip|Eien no Filena|668.1K
Elite%20Soccer%20%28U%29.zip|Elite Soccer (U)|1.6M
Emerald%20Dragon.zip|Emerald Dragon|618.2K
Emmitt%20Smith%20Football%20%28U%29.zip|Emmitt Smith Football (U)|2.2M
Energy%20Breaker.zip|Energy Breaker|624.8K
Equinox%20%28U%29.zip|Equinox (U)|501.7K
Extra%20Innings%20%28U%29.zip|Extra Innings (U)|1.0M
Extras/Breath%20of%20Fire%20%28USA%2C%20Europe%29%20%28Switch%20Online%29.zip|Breath of Fire (USA, Europe) (Switch Online)|1.7M
Extras/Breath%20of%20Fire%20II%20%28USA%2C%20Europe%29%20%28Virtual%20Console%2C%20Switch%20Online%29.zip|Breath of Fire II (USA, Europe) (Virtual Console, Switch Online)|734.1K
Extras/Contra%20III%20-%20The%20Alien%20Wars%20%28USA%29%20%28Virtual%20Console%29.zip|Contra III - The Alien Wars (USA) (Virtual Console)|1.3M
Extras/Demon%27s%20Crest%20%28USA%2C%20Europe%29%20%28Switch%20Online%29.zip|Demon's Crest (USA, Europe) (Switch Online)|2.4M
Extras/Donkey%20Kong%20Country%20%28USA%2C%20Europe%29%20%28Rev%202%29%20%28Virtual%20Console%2C%20Classic%20Mini%2C%20Switch%20Online%29.zip|Donkey Kong Country (USA, Europe) (Rev 2) (Virtual Console, Classic Mini, Switch Online)|2.8M
Extras/Donkey%20Kong%20Country%202%20-%20Diddy%27s%20Kong%20Quest%20%28USA%29%20%28En%2CFr%29%20%28Rev%201%29%20%28Virtual%20Console%29.zip|Donkey Kong Country 2 - Diddy's Kong Quest (USA) (En,Fr) (Rev 1) (Virtual Console)|541.2K
Extras/Earth%20Defense%20Force%20%28USA%2C%20Europe%29%20%28Switch%20Online%29.zip|Earth Defense Force (USA, Europe) (Switch Online)|282.6K
Extras/F-Zero%20%28USA%2C%20Europe%29%20%28Virtual%20Console%2C%20Classic%20Mini%2C%20Switch%20Online%29.zip|F-Zero (USA, Europe) (Virtual Console, Classic Mini, Switch Online)|658.0K
Extras/Final%20Fantasy%20II%20%28USA%2C%20Europe%29%20%28Rev%201%29%20%28Virtual%20Console%29.zip|Final Fantasy II (USA, Europe) (Rev 1) (Virtual Console)|628.0K
Extras/Final%20Fight%20%28USA%29%20%28Virtual%20Console%29.zip|Final Fight (USA) (Virtual Console)|780.3K
Extras/Final%20Fight%202%20%28USA%29%20%28Virtual%20Console%29.zip|Final Fight 2 (USA) (Virtual Console)|1.7M
Extras/Final%20Fight%203%20%28USA%29%20%28Virtual%20Console%29.zip|Final Fight 3 (USA) (Virtual Console)|596.6K
Extras/Kirby%27s%20Dream%20Course%20%28USA%2C%20Europe%29%20%28Virtual%20Console%2C%20Switch%20Online%29.zip|Kirby's Dream Course (USA, Europe) (Virtual Console, Switch Online)|686.4K
Extras/Legend%20of%20Zelda%2C%20The%20-%20A%20Link%20to%20the%20Past%20%28USA%2C%20Europe%29%20%28Switch%20Online%29.zip|Legend of Zelda, The - A Link to the Past (USA, Europe) (Switch Online)|832.7K
Extras/Legend%20of%20the%20Mystical%20Ninja%2C%20The%20%28USA%29%20%28Virtual%20Console%29.zip|Legend of the Mystical Ninja, The (USA) (Virtual Console)|1.2M
Extras/Ogre%20Battle%20-%20The%20March%20of%20the%20Black%20Queen%20%28USA%2C%20Europe%29%20%28Virtual%20Console%29.zip|Ogre Battle - The March of the Black Queen (USA, Europe) (Virtual Console)|776.1K
Extras/Pop%27n%20TwinBee%20%28USA%2C%20Europe%29%20%28Switch%20Online%29.zip|Pop'n TwinBee (USA, Europe) (Switch Online)|946.8K
Extras/R-Type%20III%20%28USA%29%20%28Virtual%20Console%29.zip|R-Type III (USA) (Virtual Console)|1.3M
Extras/Secret%20of%20Mana%20%28USA%29%20%28Virtual%20Console%29.zip|Secret of Mana (USA) (Virtual Console)|1.3M
Extras/Street%20Fighter%20II%20%28USA%29%20%28Virtual%20Console%29.zip|Street Fighter II (USA) (Virtual Console)|1.6M
Extras/Street%20Fighter%20II%20Turbo%20%28USA%29%20%28Rev%201%29%20%28Virtual%20Console%29.zip|Street Fighter II Turbo (USA) (Rev 1) (Virtual Console)|825.5K
Extras/Super%20Castlevania%20IV%20%28USA%29%20%28Castlevania%20Anniversary%20Collection%29.zip|Super Castlevania IV (USA) (Castlevania Anniversary Collection)|825.5K
Extras/Super%20Castlevania%20IV%20%28USA%29%20%28Virtual%20Console%29.zip|Super Castlevania IV (USA) (Virtual Console)|652.4K
Extras/Super%20Ghouls%20%27N%20Ghosts%20%28USA%2C%20Europe%29%20%28Virtual%20Console%2C%20Classic%20Mini%2C%20Switch%20Online%29.zip|Super Ghouls 'N Ghosts (USA, Europe) (Virtual Console, Classic Mini, Switch Online)|948.6K
Extras/Super%20Mario%20All-Stars%20%28USA%29%20%28Wii%29.zip|Super Mario All-Stars (USA) (Wii)|2.6M
Extras/Super%20Mario%20RPG%20-%20Legend%20of%20the%20Seven%20Stars%20%28USA%2C%20Europe%29%20%28Virtual%20Console%29.zip|Super Mario RPG - Legend of the Seven Stars (USA, Europe) (Virtual Console)|337.7K
Extras/Super%20Mario%20World%20%28USA%2C%20Europe%29%20%28Virtual%20Console%2C%20Classic%20Mini%2C%20Switch%20Online%29.zip|Super Mario World (USA, Europe) (Virtual Console, Classic Mini, Switch Online)|1.5M
Extras/Super%20Metroid%20%28USA%2C%20Europe%29%20%28En%2CJa%29%20%28Virtual%20Console%2C%20Classic%20Mini%2C%20Switch%20Online%29.zip|Super Metroid (USA, Europe) (En,Ja) (Virtual Console, Classic Mini, Switch Online)|1.2M
Extras/Super%20Puyo%20Puyo%202%20%28USA%2C%20Europe%29%20%28Ja%29%20%28Switch%20Online%29.zip|Super Puyo Puyo 2 (USA, Europe) (Ja) (Switch Online)|2.7M
Extras/Super%20Street%20Fighter%20II%20%28USA%29%20%28Rev%201%29%20%28Virtual%20Console%29.zip|Super Street Fighter II (USA) (Rev 1) (Virtual Console)|389.8K
Extras/Super%20Turrican%20%28USA%29%20%28Virtual%20Console%29.zip|Super Turrican (USA) (Virtual Console)|588.9K
Extras/Zombies%20Ate%20My%20Neighbors%20%28USA%29%20%28Virtual%20Console%29.zip|Zombies Ate My Neighbors (USA) (Virtual Console)|284.0K
F-ZERO%20%28U%29%20%5B%21%5D.zip|F-ZERO (U) [!]|282.6K
F-Zero%20%28USA%2C%20Europe%29%20%28Virtual%20Console%2C%20Classic%20Mini%2C%20Switch%20Online%29.zip|F-Zero (USA, Europe) (Virtual Console, Classic Mini, Switch Online)|572.5K
F1%20Pole%20Position%20%28U%29.zip|F1 Pole Position (U)|511.7K
F1%20ROC%20-%20Race%20of%20Champions%20%28U%29.zip|F1 ROC - Race of Champions (U)|700.0K
F1%20ROC%20II%20-%20Race%20of%20Champions%20%28U%29.zip|F1 ROC II - Race of Champions (U)|2.1M
FEDA%20-%20The%20Emblem%20of%20Justice.zip|FEDA - The Emblem of Justice|1.1M
FIFA%2097%20-%20Gold%20Edition%20%28U%29%20%5B%21%5D.zip|FIFA 97 - Gold Edition (U) [!]|633.3K
FIFA%20International%20Soccer%20%28U%29%20%5B%21%5D.zip|FIFA International Soccer (U) [!]|895.4K
FIFA%20Soccer%2096%20%28U%29%20%5B%21%5D.zip|FIFA Soccer 96 (U) [!]|192.1K
Faceball%202000%20%28U%29%20%5B%21%5D.zip|Faceball 2000 (U) [!]|2.3M
Famicom%20Tantei%20Club%20Part%20II.zip|Famicom Tantei Club Part II|326.2K
Family%20Dog%20%28U%29%20%5B%21%5D.zip|Family Dog (U) [!]|324.1K
Family%20Feud%20%28U%29.zip|Family Feud (U)|1.1M
Fatal%20Fury%20%28U%29.zip|Fatal Fury (U)|1.9M
Fatal%20Fury%202%20%28U%29.zip|Fatal Fury 2 (U)|2.9M
Fatal%20Fury%20Special%20%28U%29.zip|Fatal Fury Special (U)|2.0M
Feda%20-%20the%20Emblem%20of%20Justice%20%28ENG%29%20%23%20SNES.zip|Feda - the Emblem of Justice (ENG) # SNES|1.8M
Fighter%27s%20History%20%28U%29.zip|Fighter's History (U)|350.8K
Final%20Fantasy%20-%20Mystic%20Quest%20%28U%29%20%28V1.1%29.zip|Final Fantasy - Mystic Quest (U) (V1.1)|730.6K
Final%20Fantasy%204%20-%2010th%20Anniversary%20Edition%20%28ENG%29%20%23%20SNES.zip|Final Fantasy 4 - 10th Anniversary Edition (ENG) # SNES|2.2M
Final%20Fantasy%206%20%28ENG%29%20%23%20SNES.zip|Final Fantasy 6 (ENG) # SNES|660.7K
Final%20Fantasy%20II%20%28U%29%20%28V1.1%29.zip|Final Fantasy II (U) (V1.1)|2.1M
Final%20Fantasy%20III%20%28U%29%20%28V1.1%29%20%5B%21%5D.zip|Final Fantasy III (U) (V1.1) [!]|1.4M
Final%20Fantasy%20V.zip|Final Fantasy V|629.2K
Final%20Fight%20%28U%29.zip|Final Fight (U)|782.8K
Final%20Fight%202%20%28U%29.zip|Final Fight 2 (U)|1.7M
Final%20Fight%203%20%28U%29.zip|Final Fight 3 (U)|638.4K
Final%20Fight%20Guy%20%28U%29.zip|Final Fight Guy (U)|1.7M
Fire%20Emblem%20-%20Monshou%20no%20Nazo.zip|Fire Emblem - Monshou no Nazo|2.8M
Fire%20Emblem%20-%20Seisen%20no%20Keifu.zip|Fire Emblem - Seisen no Keifu|2.5M
Fire%20Emblem%20-%20Thracia%20776.zip|Fire Emblem - Thracia 776|414.3K
Fire%20Striker%20%28U%29.zip|Fire Striker (U)|475.4K
Firepower%202000%20%28U%29.zip|Firepower 2000 (U)|355.4K
First%20Samurai%20%28U%29%20%5B%21%5D.zip|First Samurai (U) [!]|1.1M
Flashback%20-%20The%20Quest%20for%20Identity%20%28U%29%20%5B%21%5D.zip|Flashback - The Quest for Identity (U) [!]|1.2M
Flintstones%2C%20The%20%28U%29.zip|Flintstones, The (U)|830.5K
Flintstones%2C%20The%20-%20The%20Treasure%20of%20Sierra%20Madrock%20%28U%29.zip|Flintstones, The - The Treasure of Sierra Madrock (U)|540.7K
Flying%20Hero%20-%20Bugyuru%20no%20Daibouken.zip|Flying Hero - Bugyuru no Daibouken|635.8K
Football%20Fury%20%28U%29.zip|Football Fury (U)|1.7M
Foreman%20For%20Real%20%28U%29%20%5B%21%5D.zip|Foreman For Real (U) [!]|1.9M
Frank%20Thomas%27%20Big%20Hurt%20Baseball%20%28U%29%20%5B%21%5D.zip|Frank Thomas' Big Hurt Baseball (U) [!]|1.2M
Frantic%20Flea%20%28U%29%20%5B%21%5D.zip|Frantic Flea (U) [!]|114.7K
Frogger%20%28U%29%20%5B%21%5D.zip|Frogger (U) [!]|2.2M
Front%20Mission%20-%20Gun%20Hazard%20%28ENG%29%20%23%20SNES.zip|Front Mission - Gun Hazard (ENG) # SNES|2.4M
Front%20Mission%20-%20Gun%20Hazard.zip|Front Mission - Gun Hazard|2.1M
Front%20Mission.zip|Front Mission|688.8K
Full%20Throttle%20Racing%20%28U%29.zip|Full Throttle Racing (U)|674.6K
Fun%20%27N%20Games%20%28U%29.zip|Fun 'N Games (U)|1.1M
Funaki%20Masakatsu%20Hybrid%20Wrestler%20-%20Tougi%20Denshou.zip|Funaki Masakatsu Hybrid Wrestler - Tougi Denshou|2.4M
Fushigi%20no%20Dungeon%202%20-%20Fuurai%20no%20Shiren.zip|Fushigi no Dungeon 2 - Fuurai no Shiren|607.2K
GP-1%20%28U%29.zip|GP-1 (U)|994.5K
GP-1%20Part%20II%20%28U%29.zip|GP-1 Part II (U)|729.9K
Gamars%20Puzzle%20%28Unl%29.zip|Gamars Puzzle (Unl)|1.1M
Gekitou%20Burning%20Pro%20Wrestling.zip|Gekitou Burning Pro Wrestling|587.5K
Gemfire%20%28U%29.zip|Gemfire (U)|658.7K
Genghis%20Khan%20II%20-%20Clan%20of%20the%20Gray%20Wolf%20%28U%29.zip|Genghis Khan II - Clan of the Gray Wolf (U)|754.9K
George%20Foreman%27s%20KO%20Boxing%20%28U%29%20%28V1.1%29.zip|George Foreman's KO Boxing (U) (V1.1)|665.4K
Ghoul%20Patrol%20%28U%29.zip|Ghoul Patrol (U)|721.0K
Go%20Go%20Ackman.zip|Go Go Ackman|580.1K
Gods%20%28U%29%20%5B%21%5D.zip|Gods (U) [!]|338.6K
Goof%20Troop%20%28U%29%20%5B%21%5D.zip|Goof Troop (U) [!]|1.1M
Gourmet%20Squad.zip|Gourmet Squad|424.3K
Gradius%20III%20%28U%29%20%5B%21%5D.zip|Gradius III (U) [!]|945.4K
Great%20Circus%20Mystery%20Starring%20Mickey%20%26%20Minnie%2C%20The%20%28U%29.zip|Great Circus Mystery Starring Mickey & Minnie, The (U)|270.9K
Great%20Waldo%20Search%2C%20The%20%28U%29.zip|Great Waldo Search, The (U)|322.9K
Gunforce%20-%20Battle%20Fire%20Engulfed%20Terror%20Island%20%28U%29.zip|Gunforce - Battle Fire Engulfed Terror Island (U)|1.2M
Gunple%20-%20Gunman%27s%20Proof.zip|Gunple - Gunman's Proof|717.6K
HAL%27s%20Hole%20in%20One%20Golf%20%28U%29%20%5B%21%5D.zip|HAL's Hole in One Golf (U) [!]|1.2M
Hagane%20%28U%29.zip|Hagane (U)|788.5K
Hameln%20no%20Violin%20Hiki.zip|Hameln no Violin Hiki|1.1M
Hammerlock%20Wrestling%20%28U%29.zip|Hammerlock Wrestling (U)|947.3K
Hardball%20III%20%28U%29%20%5B%21%5D.zip|Hardball III (U) [!]|335.1K
Harley%27s%20Humongous%20Adventure%20%28U%29.zip|Harley's Humongous Adventure (U)|908.0K
Harvest%20Moon%20%28U%29.zip|Harvest Moon (U)|806.5K
Head-On%20Soccer%20%28U%29.zip|Head-On Soccer (U)|793.0K
Heracles%20no%20Eikou%20III%20-%20Kamigami%20no%20Chinmoku.zip|Heracles no Eikou III - Kamigami no Chinmoku|357.9K
Hind%20Strike.zip|Hind Strike|1,008.9K
Hiouden%20-%20Mamono-tachi%20to%20no%20Chikai.zip|Hiouden - Mamono-tachi to no Chikai|261.2K
Hit%20the%20Ice%20%28U%29%20%5B%21%5D.zip|Hit the Ice (U) [!]|1.6M
Holy%20Umbrella%20-%20Dondera%20no%20Mubo%21%21.zip|Holy Umbrella - Dondera no Mubo!!|267.3K
Home%20Alone%20%28U%29.zip|Home Alone (U)|323.1K
Home%20Alone%202%20-%20Lost%20in%20New%20York%20%28U%29.zip|Home Alone 2 - Lost in New York (U)|795.4K
Home%20Improvement%20%28U%29%20%5B%21%5D.zip|Home Improvement (U) [!]|481.4K
Hook%20%28U%29%20%2829252%29.zip|Hook (U) (29252)|1.5M
Horai%20Gakuen%20no%20Bouken%21.zip|Horai Gakuen no Bouken!|361.2K
Hunt%20for%20Red%20October%2C%20The%20%28U%29%20%5B%21%5D.zip|Hunt for Red October, The (U) [!]|668.2K
Hurricanes%2C%20The%20%28U%29.zip|Hurricanes, The (U)|584.4K
Hyper%20V-Ball%20%28U%29.zip|Hyper V-Ball (U)|333.4K
HyperZone%20%28U%29%20%5B%21%5D.zip|HyperZone (U) [!]|619.5K
Ignition%20Factor%2C%20The%20%28U%29.zip|Ignition Factor, The (U)|1.6M
Illusion%20of%20Gaia%20%28U%29%20%5B%21%5D.zip|Illusion of Gaia (U) [!]|535.9K
Imperium%20%28U%29.zip|Imperium (U)|397.5K
Incantation%20%28U%29.zip|Incantation (U)|739.3K
Incredible%20Crash%20Dummies%2C%20The%20%28U%29%20%5B%21%5D.zip|Incredible Crash Dummies, The (U) [!]|978.0K
Incredible%20Hulk%2C%20The%20%28U%29.zip|Incredible Hulk, The (U)|1.6M
Indiana%20Jones%27%20Greatest%20Adventures%20%28U%29%20%5B%21%5D.zip|Indiana Jones' Greatest Adventures (U) [!]|559.9K
Inindo%20-%20Way%20of%20the%20Ninja%20%28U%29.zip|Inindo - Way of the Ninja (U)|476.8K
Inspector%20Gadget%20%28U%29.zip|Inspector Gadget (U)|683.9K
International%20Superstar%20Soccer%20%28U%29%20%5B%21%5D.zip|International Superstar Soccer (U) [!]|1.4M
International%20Superstar%20Soccer%20Deluxe%20%28U%29.zip|International Superstar Soccer Deluxe (U)|721.0K
International%20Tennis%20Tour%20%28U%29.zip|International Tennis Tour (U)|464.9K
Irem%20Skins%20Game%2C%20The%20%28U%29.zip|Irem Skins Game, The (U)|958.4K
Iron%20Commando.zip|Iron Commando|588.3K
Itchy%20%26%20Scratchy%20Game%2C%20The%20%28U%29.zip|Itchy & Scratchy Game, The (U)|1.0M
Izzy%27s%20Quest%20for%20the%20Olympic%20Rings%20%28U%29%20%5B%21%5D.zip|Izzy's Quest for the Olympic Rings (U) [!]|742.1K
JRR%20Tolkien%27s%20The%20Lord%20of%20the%20Rings%20-%20Volume%201%20%28U%29%20%5B%21%5D.zip|JRR Tolkien's The Lord of the Rings - Volume 1 (U) [!]|332.9K
Jack%20Nicklaus%20Golf%20%28U%29.zip|Jack Nicklaus Golf (U)|353.5K
James%20Bond%20Jr%20%28U%29.zip|James Bond Jr (U)|1.3M
Jammit%20%28U%29.zip|Jammit (U)|344.7K
Jeopardy%21%20%28U%29.zip|Jeopardy! (U)|246.3K
Jeopardy%21%20Deluxe%20Edition%20%28U%29.zip|Jeopardy! Deluxe Edition (U)|231.6K
Jeopardy%21%20Sports%20Edition%20%28U%29.zip|Jeopardy! Sports Edition (U)|349.4K
Jerry%20Boy.zip|Jerry Boy|384.9K
Jet%20Pilot%20Rising.zip|Jet Pilot Rising|609.5K
Jetsons%2C%20The%20-%20Invasion%20of%20the%20Planet%20Pirates%20%28U%29.zip|Jetsons, The - Invasion of the Planet Pirates (U)|1.3M
Jim%20Lee%27s%20WildC.A.T.S%20%28U%29.zip|Jim Lee's WildC.A.T.S (U)|676.1K
Jim%20Power%20-%20The%20Lost%20Dimension%20in%203D%20%28U%29%20%5B%21%5D.zip|Jim Power - The Lost Dimension in 3D (U) [!]|325.5K
Jimmy%20Connors%20Pro%20Tennis%20Tour%20%28U%29%20%5B%21%5D.zip|Jimmy Connors Pro Tennis Tour (U) [!]|696.2K
Jimmy%20Houston%27s%20Bass%20Tournament%20U.S.A.%20%28U%29%20%5B%21%5D.zip|Jimmy Houston's Bass Tournament U.S.A. (U) [!]|648.6K
JoJo%20no%20Kimyou%20na%20Bouken.zip|JoJo no Kimyou na Bouken|613.6K
Joe%20%26%20Mac%20%28U%29%20%5B%21%5D.zip|Joe & Mac (U) [!]|721.7K
Joe%20%26%20Mac%202%20-%20Lost%20in%20the%20Tropics%20%28U%29.zip|Joe & Mac 2 - Lost in the Tropics (U)|474.3K
John%20Madden%20Football%20%2793%20%28U%29%20%28V1.1%29%20%5B%21%5D.zip|John Madden Football '93 (U) (V1.1) [!]|243.4K
John%20Madden%20Football%20%28U%29.zip|John Madden Football (U)|1.4M
Judge%20Dredd%20%28U%29%20%5B%21%5D.zip|Judge Dredd (U) [!]|1.2M
Jungle%20Book%2C%20The%20%28U%29.zip|Jungle Book, The (U)|1.2M
Jungle%20Strike%20%28U%29%20%5B%21%5D.zip|Jungle Strike (U) [!]|1.0M
Jurassic%20Park%20%28U%29%20%28V1.1%29.zip|Jurassic Park (U) (V1.1)|1.3M
Jurassic%20Park%20Part%202%20-%20The%20Chaos%20Continues%20%28U%29%20%5B%21%5D.zip|Jurassic Park Part 2 - The Chaos Continues (U) [!]|1.5M
Justice%20League%20Task%20Force%20%28U%29.zip|Justice League Task Force (U)|798.2K
Jyutei%20Senki.zip|Jyutei Senki|191.2K
Kablooey%20%28U%29%20%5B%21%5D.zip|Kablooey (U) [!]|226.0K
Kaite%20Tsukutte%20Asoberu%20-%20Dezaemon.zip|Kaite Tsukutte Asoberu - Dezaemon|816.4K
Kawasaki%20Caribbean%20Challenge%20%28U%29%20%5B%21%5D.zip|Kawasaki Caribbean Challenge (U) [!]|384.8K
Kawasaki%20Superbike%20Challenge%20%28U%29.zip|Kawasaki Superbike Challenge (U)|937.9K
Ken%20Griffey%20Jr.%20Presents%20Major%20League%20Baseball%20%28U%29.zip|Ken Griffey Jr. Presents Major League Baseball (U)|2.6M
Ken%20Griffey%20Jr.%27s%20Winning%20Run%20%28U%29%20%5B%21%5D.zip|Ken Griffey Jr.'s Winning Run (U) [!]|457.1K
Kendo%20Rage%20%28U%29%20%5B%21%5D.zip|Kendo Rage (U) [!]|706.5K
Kid%20Klown%20in%20Crazy%20Chase%20%28U%29%20%5B%21%5D.zip|Kid Klown in Crazy Chase (U) [!]|1.1M
Kidou%20Butoden%20G-Gundam.zip|Kidou Butoden G-Gundam|663.7K
Kidou%20Senshi%20Gundam%20-%20Cross%20Dimension%200079.zip|Kidou Senshi Gundam - Cross Dimension 0079|770.8K
Kidou%20Senshi%20V-Gundam.zip|Kidou Senshi V-Gundam|3.1M
Killer%20Instinct%20%28U%29%20%28V1.1%29%20%5B%21%5D.zip|Killer Instinct (U) (V1.1) [!]|1.9M
King%20Arthur%20%26%20The%20Knights%20of%20Justice%20%28U%29%20%5B%21%5D.zip|King Arthur & The Knights of Justice (U) [!]|356.0K
King%20Arthur%27s%20World%20%28U%29%20%5B%21%5D.zip|King Arthur's World (U) [!]|1.2M
King%20of%20Dragons%2C%20The%20%28U%29%20%5B%21%5D.zip|King of Dragons, The (U) [!]|1.5M
King%20of%20Fighters%202000.zip|King of Fighters 2000|595.7K
King%20of%20the%20Monsters%20%28U%29.zip|King of the Monsters (U)|1.3M
King%20of%20the%20Monsters%202%20%28U%29%20%5B%21%5D.zip|King of the Monsters 2 (U) [!]|2.7M
Kirby%20Super%20Star%20%28U%29%20%5B%21%5D.zip|Kirby Super Star (U) [!]|526.5K
Kirby%27s%20Avalanche%20%28U%29%20%5B%21%5D.zip|Kirby's Avalanche (U) [!]|597.1K
Kirby%27s%20Dream%20Course%20%28U%29%20%5B%21%5D.zip|Kirby's Dream Course (U) [!]|2.1M
Kirby%27s%20Dream%20Land%203%20%28U%29.zip|Kirby's Dream Land 3 (U)|1.0M
Knights%20of%20the%20Round%20%28U%29.zip|Knights of the Round (U)|762.2K
Koryuu%20no%20Mimi.zip|Koryuu no Mimi|555.0K
Kouryu%20Densetsu%20Villgust%20-%20Kieta%20Shoujo.zip|Kouryu Densetsu Villgust - Kieta Shoujo|319.6K
Krusty%27s%20Super%20Fun%20House%20%28U%29%20%28V1.1%29.zip|Krusty's Super Fun House (U) (V1.1)|700.2K
Kunio-kun%20no%20Dodge%20Ball%20-%20Zenin%20Shuugou%21.zip|Kunio-kun no Dodge Ball - Zenin Shuugou!|807.0K
Kuusou%20Kagaku%20Sekai%20Gulliver%20Boy.zip|Kuusou Kagaku Sekai Gulliver Boy|1.8M
Kyle%20Petty%27s%20No%20Fear%20Racing%20%28U%29.zip|Kyle Petty's No Fear Racing (U)|616.0K
Lagoon%20%28U%29%20%5B%21%5D.zip|Lagoon (U) [!]|365.3K
Lamborghini%20-%20American%20Challenge%20%28U%29.zip|Lamborghini - American Challenge (U)|445.1K
Last%20Action%20Hero%20%28U%29.zip|Last Action Hero (U)|562.8K
Lawnmower%20Man%2C%20The%20%28U%29%20%5B%21%5D.zip|Lawnmower Man, The (U) [!]|810.1K
Legend%20%282016%20Reprint%29.zip|Legend (2016 Reprint)|815.7K
Legend%20%28U%29%20%2816725%29.zip|Legend (U) (16725)|834.3K
Legend%20of%20The%20Mystical%20Ninja%2C%20The%20%28U%29%20%5B%21%5D.zip|Legend of The Mystical Ninja, The (U) [!]|689.5K
Legend%20of%20Zelda%2C%20The%20-%20A%20Link%20to%20the%20Past%20%28U%29%20%5B%21%5D.zip|Legend of Zelda, The - A Link to the Past (U) [!]|549.6K
Lemmings%20%28U%29%20%28V1.1%29%20%5B%21%5D.zip|Lemmings (U) (V1.1) [!]|1.0M
Lemmings%202%20-%20The%20Tribes%20%28U%29.zip|Lemmings 2 - The Tribes (U)|2.2M
Lennus%20II%20-%20Fuuin%20no%20Shito.zip|Lennus II - Fuuin no Shito|651.4K
Lester%20the%20Unlikely%20%28U%29.zip|Lester the Unlikely (U)|1.6M
Lethal%20Enforcers%20%28U%29.zip|Lethal Enforcers (U)|663.3K
Lethal%20Weapon%20%28U%29%20%5B%21%5D.zip|Lethal Weapon (U) [!]|719.7K
Liberty%20or%20Death%20%28U%29%20%5B%21%5D.zip|Liberty or Death (U) [!]|2.1M
Lion%20King%2C%20The%20%28U%29.zip|Lion King, The (U)|186.9K
Little%20Magic.zip|Little Magic|1.6M
Live%20A%20Live.zip|Live A Live|307.1K
Lock%20On%20%28U%29.zip|Lock On (U)|2.2M
Lodoss-tou%20Senki.zip|Lodoss-tou Senki|1.5M
Looney%20Tunes%20B-Ball%20%28U%29.zip|Looney Tunes B-Ball (U)|717.7K
Lost%20Vikings%20II%2C%20The%20%28U%29%20%5B%21%5D.zip|Lost Vikings II, The (U) [!]|752.7K
Lost%20Vikings%2C%20The%20%28U%29%20%5B%21%5D.zip|Lost Vikings, The (U) [!]|800.7K
Lufia%20%26%20The%20Fortress%20of%20Doom%20%28U%29%20%5B%21%5D.zip|Lufia & The Fortress of Doom (U) [!]|1.8M
Lufia%20II%20-%20Rise%20of%20the%20Sinistrals%20%28U%29.zip|Lufia II - Rise of the Sinistrals (U)|370.1K
M.A.C.S.%20Basic%20Rifle%20Marksmanship.zip|M.A.C.S. Basic Rifle Marksmanship|377.0K
M.A.C.S.%20Basic%20Rifle%20Simulator%20%28U%29%20%5B%21%5D.zip|M.A.C.S. Basic Rifle Simulator (U) [!]|679.1K
MLBPA%20Baseball%20%28U%29%20%5B%21%5D.zip|MLBPA Baseball (U) [!]|768.5K
Madden%20NFL%20%2794%20%28U%29%20%5B%21%5D.zip|Madden NFL '94 (U) [!]|721.8K
Madden%20NFL%20%2795%20%28U%29%20%5B%21%5D.zip|Madden NFL '95 (U) [!]|1.0M
Madden%20NFL%20%2796%20%28U%29%20%5B%21%5D.zip|Madden NFL '96 (U) [!]|1.1M
Madden%20NFL%20%2797%20%28U%29%20%5B%21%5D.zip|Madden NFL '97 (U) [!]|1.2M
Madden%20NFL%20%2798%20%28U%29.zip|Madden NFL '98 (U)|1.2M
Madou%20Monogatari%20-%20Hanamaru%20Daiyouchi%20Enji.zip|Madou Monogatari - Hanamaru Daiyouchi Enji|306.7K
Magic%20Boy%20%28U%29%20%5B%21%5D.zip|Magic Boy (U) [!]|667.1K
Magic%20Johnson%27s%20Super%20Slam%20Dunk%20%28U%29.zip|Magic Johnson's Super Slam Dunk (U)|530.7K
Magic%20Sword%20%28U%29.zip|Magic Sword (U)|611.7K
Magical%20Drop.zip|Magical Drop|1.5M
Magical%20Pop%27n.zip|Magical Pop'n|666.2K
Magical%20Quest%20Starring%20Mickey%20Mouse%2C%20The%20%28U%29%20%5B%21%5D.zip|Magical Quest Starring Mickey Mouse, The (U) [!]|868.9K
Magna%20Braban%20-%20Henreki%20no%20Yuusha.zip|Magna Braban - Henreki no Yuusha|852.3K
Mahou%20Kishi%20Rayearth.zip|Mahou Kishi Rayearth|661.6K
Mahou%20Poipoi%20Poitto%21.zip|Mahou Poipoi Poitto!|844.7K
Majyuuou.zip|Majyuuou|454.4K
Mario%20Paint%20%28JU%29%20%5B%21%5D.zip|Mario Paint (JU) [!]|905.5K
Mario%20is%20Missing%21%20%28U%29.zip|Mario is Missing! (U)|834.9K
Mario%27s%20Early%20Years%20-%20Fun%20With%20Letters%20%28U%29.zip|Mario's Early Years - Fun With Letters (U)|831.1K
Mario%27s%20Early%20Years%20-%20Fun%20With%20Numbers%20%28U%29.zip|Mario's Early Years - Fun With Numbers (U)|849.1K
Mario%27s%20Early%20Years%20-%20Preschool%20Fun%20%28U%29.zip|Mario's Early Years - Preschool Fun (U)|914.2K
Mario%27s%20Time%20Machine%20%28U%29%20%5B%21%5D.zip|Mario's Time Machine (U) [!]|993.0K
Mark%20Davis%27%20The%20Fishing%20Master%20%28U%29%20%5B%21%5D.zip|Mark Davis' The Fishing Master (U) [!]|1.3M
Marvel%20Super%20Heroes%20-%20War%20of%20the%20Gems%20%28U%29.zip|Marvel Super Heroes - War of the Gems (U)|2.0M
Marvelous%20-%20Mouhitotsu%20no%20Takarajima.zip|Marvelous - Mouhitotsu no Takarajima|1.1M
Mary%20Shelley%27s%20Frankenstein%20%28U%29.zip|Mary Shelley's Frankenstein (U)|1.3M
Mask%2C%20The%20%28U%29.zip|Mask, The (U)|465.9K
Math%20Blaster%20-%20Episode%201%20%28U%29.zip|Math Blaster - Episode 1 (U)|2.1M
Maui%20Mallard%20in%20Cold%20Shadow%20%28U%29.zip|Maui Mallard in Cold Shadow (U)|429.8K
Mecarobot%20Golf%20%28U%29.zip|Mecarobot Golf (U)|711.2K
Mechwarrior%20%28U%29%20%5B%21%5D.zip|Mechwarrior (U) [!]|939.4K
Mechwarrior%203050%20%28U%29%20%5B%21%5D.zip|Mechwarrior 3050 (U) [!]|1.3M
Mega%20Man%20VII%20%28U%29.zip|Mega Man VII (U)|918.8K
Mega%20Man%20X%20%28U%29%20%28V1.1%29%20%5B%21%5D.zip|Mega Man X (U) (V1.1) [!]|981.5K
Mega%20Man%20X%202%20%28U%29%20%5B%21%5D.zip|Mega Man X 2 (U) [!]|1.2M
Mega%20Man%20X%203%20%28U%29%20%5B%21%5D.zip|Mega Man X 3 (U) [!]|624.7K
Mega%20Man%27s%20Soccer%20%28U%29%20%5B%21%5D.zip|Mega Man's Soccer (U) [!]|1.3M
Metal%20Combat%20-%20Falcon%27s%20Revenge%20%28U%29%20%5B%21%5D.zip|Metal Combat - Falcon's Revenge (U) [!]|820.8K
Metal%20Marines%20%28U%29.zip|Metal Marines (U)|2.3M
Metal%20Max%20Returns.zip|Metal Max Returns|1.1M
Metal%20Morph%20%28U%29.zip|Metal Morph (U)|973.6K
Metal%20Warriors%20%28U%29.zip|Metal Warriors (U)|695.8K
Michael%20Andretti%27s%20Indy%20Car%20Challenge%20%28U%29.zip|Michael Andretti's Indy Car Challenge (U)|915.3K
Michael%20Jordan%20-%20Chaos%20in%20the%20Windy%20City%20%28U%29%20%5B%21%5D.zip|Michael Jordan - Chaos in the Windy City (U) [!]|1.4M
Mickey%20Mania%20%28U%29%20%5B%21%5D.zip|Mickey Mania (U) [!]|1.4M
Mickey%20to%20Donald%20-%20Magical%20Adventure%203.zip|Mickey to Donald - Magical Adventure 3|719.7K
Mickey%27s%20Playtown%20Adventure%20-%20A%20Day%20of%20Discovery%21%20%28U%29.zip|Mickey's Playtown Adventure - A Day of Discovery! (U)|414.8K
Mickey%27s%20Ultimate%20Challenge%20%28U%29.zip|Mickey's Ultimate Challenge (U)|379.6K
Micro%20Machines%20%28U%29%20%5B%21%5D.zip|Micro Machines (U) [!]|1,002.3K
Might%20and%20Magic%20III%20-%20Isles%20of%20Terra%20%28U%29.zip|Might and Magic III - Isles of Terra (U)|690.3K
Mighty%20Max%20%28U%29.zip|Mighty Max (U)|1.0M
Mighty%20Morphin%20Power%20Rangers%20%28U%29.zip|Mighty Morphin Power Rangers (U)|917.3K
Mighty%20Morphin%20Power%20Rangers%20-%20The%20Fighting%20Edition%20%28U%29.zip|Mighty Morphin Power Rangers - The Fighting Edition (U)|922.8K
Mighty%20Morphin%20Power%20Rangers%20-%20The%20Movie%20%28U%29.zip|Mighty Morphin Power Rangers - The Movie (U)|520.6K
Miracle%20Girls.zip|Miracle Girls|226.1K
Miracle%20Piano%20Teaching%20System%2C%20The%20%28U%29%20%5B%21%5D.zip|Miracle Piano Teaching System, The (U) [!]|1.4M
MoHawk%20%26%20Headphone%20Jack%20%28U%29%20%5B%21%5D.zip|MoHawk & Headphone Jack (U) [!]|301.0K
Monopoly%20%28U%29%20%28V1.1%29.zip|Monopoly (U) (V1.1)|1.3M
Monstania%20%28ENG%29%20%23%20SNES.zip|Monstania (ENG) # SNES|1.2M
Monstania.zip|Monstania|1.6M
Mortal%20Kombat%20%28U%29%20%5B%21%5D.zip|Mortal Kombat (U) [!]|3.3M
Mortal%20Kombat%203%20%28U%29%20%5B%21%5D.zip|Mortal Kombat 3 (U) [!]|2.5M
Mortal%20Kombat%20II%20%28U%29%20%28V1.1%29.zip|Mortal Kombat II (U) (V1.1)|1.0M
Mountain%20Bike%20Rally%20%28U%29%20%5B%21%5D.zip|Mountain Bike Rally (U) [!]|134.7K
Mr.%20Do%21%20%28U%29.zip|Mr. Do! (U)|877.4K
Mr.%20Nutz%20%28U%29.zip|Mr. Nutz (U)|145.1K
Ms.%20Pac-Man%20%28U%29.zip|Ms. Pac-Man (U)|402.3K
Musya%20%28U%29%20%5B%21%5D.zip|Musya (U) [!]|1.3M
Mutant%20Chronicles%20-%20Doom%20Troopers%20%28U%29%20%5B%21%5D.zip|Mutant Chronicles - Doom Troopers (U) [!]|1.6M
Mystic%20Ark.zip|Mystic Ark|630.5K
NBA%20All-Star%20Challenge%20%28U%29.zip|NBA All-Star Challenge (U)|1.3M
NBA%20Give%20%27N%20Go%20%28U%29.zip|NBA Give 'N Go (U)|1.8M
NBA%20Hang%20Time%20%28U%29.zip|NBA Hang Time (U)|1.2M
NBA%20Jam%20%28U%29%20%28V1.1%29%20%5B%21%5D.zip|NBA Jam (U) (V1.1) [!]|1.8M
NBA%20Jam%20-%20Tournament%20Edition%20%28U%29%20%5B%21%5D.zip|NBA Jam - Tournament Edition (U) [!]|945.7K
NBA%20Live%20%2795%20%28U%29%20%5B%21%5D.zip|NBA Live '95 (U) [!]|945.4K
NBA%20Live%20%2796%20%28U%29%20%5B%21%5D.zip|NBA Live '96 (U) [!]|1.0M
NBA%20Live%20%2797%20%28U%29%20%5B%21%5D.zip|NBA Live '97 (U) [!]|1.3M
NBA%20Live%20%2798%20%28U%29%20%5B%21%5D.zip|NBA Live '98 (U) [!]|616.3K
NBA%20Showdown%20%28U%29.zip|NBA Showdown (U)|561.1K
NCAA%20Basketball%20%28U%29%20%28V1.1%29%20%5B%21%5D.zip|NCAA Basketball (U) (V1.1) [!]|568.0K
NCAA%20Final%20Four%20Basketball%20%28U%29%20%5B%21%5D.zip|NCAA Final Four Basketball (U) [!]|581.2K
NCAA%20Football%20%28U%29.zip|NCAA Football (U)|609.7K
NFL%20Football%20%28U%29.zip|NFL Football (U)|1.8M
NFL%20Quarterback%20Club%20%2796%20%28U%29%20%5B%21%5D.zip|NFL Quarterback Club '96 (U) [!]|1.9M
NFL%20Quarterback%20Club%20%28U%29.zip|NFL Quarterback Club (U)|660.7K
NHL%20%2794%20%28U%29%20%5B%21%5D.zip|NHL '94 (U) [!]|672.6K
NHL%20%2795%20%28U%29%20%5B%21%5D.zip|NHL '95 (U) [!]|1,008.7K
NHL%20%2796%20%28U%29%20%5B%21%5D.zip|NHL '96 (U) [!]|1.0M
NHL%20%2797%20%28U%29%20%5B%21%5D.zip|NHL '97 (U) [!]|1.1M
NHL%20%2798%20%28U%29.zip|NHL '98 (U)|639.1K
NHL%20Stanley%20Cup%20%28U%29%20%5B%21%5D.zip|NHL Stanley Cup (U) [!]|333.3K
NHLPA%20Hockey%20%2793%20%28U%29%20%5B%21%5D.zip|NHLPA Hockey '93 (U) [!]|818.1K
Nangoku%20Shounen%20Papuwa-kun.zip|Nangoku Shounen Papuwa-kun|1,023.5K
Natsume%20Championship%20Wrestling%20%28U%29%20%5B%21%5D.zip|Natsume Championship Wrestling (U) [!]|1.6M
Nekketsu%20Tairiku%20-%20Burning%20Heroes.zip|Nekketsu Tairiku - Burning Heroes|437.3K
Network%20Q%20Rally%20%28U%29%20%28NG-Dump%20Known%29.zip|Network Q Rally (U) (NG-Dump Known)|755.2K
Neugier%20-%20Umi%20to%20Kaze%20no%20Kodou.zip|Neugier - Umi to Kaze no Kodou|1.1M
New%20Super%20Mario%20Land.zip|New Super Mario Land|901.2K
Newman-Hass%20Indy%20Car%20Featuring%20Nigel%20Mansell%20%28U%29.zip|Newman-Hass Indy Car Featuring Nigel Mansell (U)|1,012.7K
Nickelodeon%20GUTS%20%28U%29.zip|Nickelodeon GUTS (U)|666.4K
Nigel%20Mansell%27s%20World%20Championship%20Racing%20%28U%29%20%5B%21%5D.zip|Nigel Mansell's World Championship Racing (U) [!]|802.3K
Nightmare%20Busters.zip|Nightmare Busters|828.2K
Ninja%20Gaiden%20Trilogy%20%28U%29%20%5B%21%5D.zip|Ninja Gaiden Trilogy (U) [!]|841.0K
Ninja%20Warriors%2C%20The%20%28U%29.zip|Ninja Warriors, The (U)|1.1M
No%20Escape%20%28U%29.zip|No Escape (U)|331.3K
Nobunaga%27s%20Ambition%20%28U%29.zip|Nobunaga's Ambition (U)|532.9K
Nobunaga%27s%20Ambition%20-%20Lord%20of%20Darkness%20%28U%29.zip|Nobunaga's Ambition - Lord of Darkness (U)|220.7K
Nolan%20Ryan%27s%20Baseball%20%28U%29%20%5B%21%5D.zip|Nolan Ryan's Baseball (U) [!]|1.3M
Nosferatu%20%28U%29.zip|Nosferatu (U)|655.9K
Obitus%20%28U%29%20%5B%21%5D.zip|Obitus (U) [!]|1.2M
Ogre%20Battle%20-%20The%20March%20of%20the%20Black%20Queen%20%28U%29%20%5B%21%5D.zip|Ogre Battle - The March of the Black Queen (U) [!]|856.6K
Olympic%20Summer%20Games%2096%20%28U%29.zip|Olympic Summer Games 96 (U)|404.3K
On%20the%20Ball%20%28U%29%20%5B%21%5D.zip|On the Ball (U) [!]|649.8K
Operation%20Europe%20-%20Path%20to%20Victory%201939-45%20%28U%29.zip|Operation Europe - Path to Victory 1939-45 (U)|516.1K
Operation%20Logic%20Bomb%20%28U%29%20%5B%21%5D.zip|Operation Logic Bomb (U) [!]|805.1K
Operation%20Thunderbolt%20%28U%29.zip|Operation Thunderbolt (U)|385.5K
Oscar%20%28U%29%20%5B%21%5D.zip|Oscar (U) [!]|633.9K
Out%20of%20This%20World%20%28U%29%20%5B%21%5D.zip|Out of This World (U) [!]|571.8K
Out%20to%20Lunch%20%28U%29.zip|Out to Lunch (U)|543.9K
Outlander%20%28U%29.zip|Outlander (U)|576.8K
PGA%20European%20Tour%20%28U%29%20%5B%21%5D.zip|PGA European Tour (U) [!]|1.2M
PGA%20Tour%2096%20%28U%29%20%5B%21%5D.zip|PGA Tour 96 (U) [!]|320.8K
PGA%20Tour%20Golf%20%28U%29.zip|PGA Tour Golf (U)|223.6K
Pac-Attack%20%28U%29.zip|Pac-Attack (U)|955.6K
Pac-Man%202%20-%20The%20New%20Adventures%20%28U%29%20%5B%21%5D.zip|Pac-Man 2 - The New Adventures (U) [!]|731.0K
Pac-in-Time%20%28U%29%20%5B%21%5D.zip|Pac-in-Time (U) [!]|688.3K
Pacific%20Theater%20of%20Operations%20%28U%29%20%5B%21%5D.zip|Pacific Theater of Operations (U) [!]|1.6M
Pacific%20Theater%20of%20Operations%20II%20%28U%29.zip|Pacific Theater of Operations II (U)|438.2K
Packy%20%26%20Marlon%20%28U%29.zip|Packy & Marlon (U)|1.3M
Pagemaster%2C%20The%20%28U%29.zip|Pagemaster, The (U)|824.3K
Paladin%27s%20Quest%20%28U%29%20%5B%21%5D.zip|Paladin's Quest (U) [!]|797.8K
Panel%20de%20Pon.zip|Panel de Pon|295.1K
Panic%20in%20Nakayoshi%20World.zip|Panic in Nakayoshi World|249.3K
Paperboy%202%20%28U%29%20%5B%21%5D.zip|Paperboy 2 (U) [!]|1.3M
Peace%20Keepers%2C%20The%20%28U%29%20%5B%21%5D.zip|Peace Keepers, The (U) [!]|686.7K
Pebble%20Beach%20Golf%20Links%20%28U%29.zip|Pebble Beach Golf Links (U)|614.6K
Phalanx%20-%20The%20Enforce%20Fighter%20A-144%20%28U%29%20%5B%21%5D.zip|Phalanx - The Enforce Fighter A-144 (U) [!]|1.3M
Phantom%202040%20%28U%29.zip|Phantom 2040 (U)|772.8K
Pieces%20%28U%29.zip|Pieces (U)|265.7K
Pilotwings%20%28U%29%20%5B%21%5D.zip|Pilotwings (U) [!]|508.7K
Pinball%20Dreams%20%28U%29.zip|Pinball Dreams (U)|530.7K
Pinball%20Fantasies%20%28U%29.zip|Pinball Fantasies (U)|540.7K
Pink%20Panther%20in%20Pink%20Goes%20to%20Hollywood%20%28U%29.zip|Pink Panther in Pink Goes to Hollywood (U)|1.8M
Pinocchio%20%28U%29.zip|Pinocchio (U)|658.1K
Pirates%20of%20Dark%20Water%2C%20The%20%28U%29.zip|Pirates of Dark Water, The (U)|337.1K
Pit%20Fighter%20%28U%29.zip|Pit Fighter (U)|1.5M
Pitfall%20-%20The%20Mayan%20Adventure%20%28U%29.zip|Pitfall - The Mayan Adventure (U)|627.2K
Plok%21%20%28U%29%20%5B%21%5D.zip|Plok! (U) [!]|812.0K
Pocket%20Monsters.zip|Pocket Monsters|691.3K
Pocky%20%26%20Rocky%20%28U%29%20%5B%21%5D.zip|Pocky & Rocky (U) [!]|916.8K
Pocky%20%26%20Rocky%202%20%28U%29%20%5B%21%5D.zip|Pocky & Rocky 2 (U) [!]|535.6K
Pokemon%20Gold%20Silver.zip|Pokemon Gold Silver|522.1K
Pokemon%20Stadium.zip|Pokemon Stadium|722.4K
Popeye%20Ijiwaru%20Majo%20-%20Sea%20Hag%20no%20Maki.zip|Popeye Ijiwaru Majo - Sea Hag no Maki|363.1K
Populous%20%28U%29%20%5B%21%5D.zip|Populous (U) [!]|1.4M
Porky%20Pig%27s%20Haunted%20Holiday%20%28U%29%20%5B%21%5D.zip|Porky Pig's Haunted Holiday (U) [!]|905.6K
Power%20Drive%20%28U%29%20%28Beta%29%20%28M5%29.zip|Power Drive (U) (Beta) (M5)|1.4M
Power%20Instinct%20%28U%29.zip|Power Instinct (U)|627.0K
Power%20Moves%20%28U%29.zip|Power Moves (U)|655.3K
Power%20Piggs%20of%20the%20Dark%20Age%20%28U%29%20%5B%21%5D.zip|Power Piggs of the Dark Age (U) [!]|663.7K
Power%20Rangers%20Zeo%20-%20Battle%20Racers%20%28U%29.zip|Power Rangers Zeo - Battle Racers (U)|837.6K
Prehistorik%20Man%20%28U%29%20%5B%21%5D.zip|Prehistorik Man (U) [!]|2.1M
Primal%20Rage%20%28U%29%20%5B%21%5D.zip|Primal Rage (U) [!]|585.5K
Prince%20of%20Persia%20%28U%29.zip|Prince of Persia (U)|1.1M
Prince%20of%20Persia%202%20-%20The%20Shadow%20%26%20The%20Flame%20%28U%29.zip|Prince of Persia 2 - The Shadow & The Flame (U)|507.4K
Pro%20Quarterback%20%28U%29.zip|Pro Quarterback (U)|307.9K
Pro%20Sport%20Hockey%20%28U%29.zip|Pro Sport Hockey (U)|377.1K
Push-Over%20%28U%29.zip|Push-Over (U)|362.9K
Q-bert%203%20%28U%29%20%5B%21%5D.zip|Q-bert 3 (U) [!]|948.9K
R-Type%20III%20-%20The%20Third%20Lightning%20%28U%29%20%5B%21%5D.zip|R-Type III - The Third Lightning (U) [!]|1.2M
RHI%20Roller%20Hockey%20%2795%20%28U%29%20%28NG-Dump%20Known%29.zip|RHI Roller Hockey '95 (U) (NG-Dump Known)|303.3K
RPM%20Racing%20%28U%29.zip|RPM Racing (U)|144.1K
Race%20Drivin%27%20%28U%29%20%5B%21%5D.zip|Race Drivin' (U) [!]|990.8K
Radical%20Dreamers%20-%20Nusumenai%20Houseki.zip|Radical Dreamers - Nusumenai Houseki|702.4K
Radical%20Rex%20%28U%29.zip|Radical Rex (U)|516.2K
Raiden%20Trad%20%28U%29%20%5B%21%5D.zip|Raiden Trad (U) [!]|213.6K
Rampart%20%28U%29.zip|Rampart (U)|774.2K
Ranma%201-2%20-%20Akanekodan%20Teki%20Hihou.zip|Ranma 1-2 - Akanekodan Teki Hihou|1.1M
Ranma%20Nibunnoichi%20-%20Hard%20Battle%20%28U%29%20%5B%21%5D.zip|Ranma Nibunnoichi - Hard Battle (U) [!]|1.3M
Rap%20Jam%20-%20Volume%20One%20%28U%29%20%5B%21%5D.zip|Rap Jam - Volume One (U) [!]|627.7K
Realm%20%28U%29.zip|Realm (U)|625.2K
Redline%20F-1%20Racer%20%28U%29.zip|Redline F-1 Racer (U)|1.2M
Relief%20Pitcher%20%28U%29.zip|Relief Pitcher (U)|652.8K
Ren%20%26%20Stimpy%20Show%2C%20The%20-%20Buckeroos%21%20%28U%29%20%5B%21%5D.zip|Ren & Stimpy Show, The - Buckeroos! (U) [!]|361.7K
Ren%20%26%20Stimpy%20Show%2C%20The%20-%20Fire%20Dogs%20%28U%29.zip|Ren & Stimpy Show, The - Fire Dogs (U)|991.6K
Ren%20%26%20Stimpy%20Show%2C%20The%20-%20Time%20Warp%20%28U%29.zip|Ren & Stimpy Show, The - Time Warp (U)|799.9K
Ren%20%26%20Stimpy%20Show%2C%20The%20-%20Veediots%21%20%28U%29.zip|Ren & Stimpy Show, The - Veediots! (U)|1.3M
Rendering%20Ranger%20-%20R2.zip|Rendering Ranger - R2|1.8M
Revolution%20X%20%28U%29.zip|Revolution X (U)|408.2K
Rex%20Ronan%20-%20Experimental%20Surgeon%20%28U%29.zip|Rex Ronan - Experimental Surgeon (U)|416.1K
Riddick%20Bowe%20Boxing%20%28U%29.zip|Riddick Bowe Boxing (U)|992.3K
Rise%20of%20the%20Phoenix%20%28U%29.zip|Rise of the Phoenix (U)|690.8K
Rival%20Turf%20%28U%29.zip|Rival Turf (U)|311.4K
Road%20Riot%204WD%20%28U%29%20%286361%29.zip|Road Riot 4WD (U) (6361)|583.2K
Road%20Runner%27s%20Death%20Valley%20Rally%20%28U%29%20%5B%21%5D.zip|Road Runner's Death Valley Rally (U) [!]|450.9K
Robocop%203%20%28U%29.zip|Robocop 3 (U)|750.2K
Robocop%20Versus%20The%20Terminator%20%28U%29.zip|Robocop Versus The Terminator (U)|1.1M
Robotrek%20%28U%29%20%5B%21%5D.zip|Robotrek (U) [!]|745.7K
Rock%20N%27%20Roll%20Racing%20%28U%29%20%5B%21%5D.zip|Rock N' Roll Racing (U) [!]|611.2K
Rocketeer%2C%20The%20%28U%29.zip|Rocketeer, The (U)|2.0M
Rockman%20%26%20Forte.zip|Rockman & Forte|815.1K
Rocko%27s%20Modern%20Life%20-%20Spunky%27s%20Dangerous%20Day%20%28U%29.zip|Rocko's Modern Life - Spunky's Dangerous Day (U)|595.1K
Rocky%20Rodent%20%28U%29.zip|Rocky Rodent (U)|604.6K
Roger%20Clemens%27%20MVP%20Baseball%20%28U%29%20%5B%21%5D.zip|Roger Clemens' MVP Baseball (U) [!]|589.7K
Romance%20of%20the%20Three%20Kingdoms%20II%20%28U%29.zip|Romance of the Three Kingdoms II (U)|862.8K
Romance%20of%20the%20Three%20Kingdoms%20III%20-%20Dragon%20of%20Destiny%20%28U%29.zip|Romance of the Three Kingdoms III - Dragon of Destiny (U)|1.5M
Romance%20of%20the%20Three%20Kingdoms%20IV%20-%20Wall%20of%20Fire%20%28U%29.zip|Romance of the Three Kingdoms IV - Wall of Fire (U)|2.2M
Rudra%20no%20Hihou.zip|Rudra no Hihou|515.3K
Run%20Saber%20%28U%29%20%5B%21%5D.zip|Run Saber (U) [!]|688.7K
Ryuuki%20Heidan%20Danzarubu.zip|Ryuuki Heidan Danzarubu|323.4K
SNES%20Test%20Program%20%28U%29.zip|SNES Test Program (U)|745.4K
SOS%20%28U%29%20%5B%21%5D.zip|SOS (U) [!]|988.2K
SWAT%20Kats%20-%20The%20Radical%20Squadron%20%28U%29%20%5B%21%5D.zip|SWAT Kats - The Radical Squadron (U) [!]|1.5M
Sailor-Moon%20%28ENG%29%20%23%20SNES.zip|Sailor-Moon (ENG) # SNES|2.4M
Sailor-Moon%20RPG%20-%20Another%20Story%20%28ENG%29%20%23%20SNES.zip|Sailor-Moon RPG - Another Story (ENG) # SNES|2.4M
Samurai%20Shodown%20%28U%29.zip|Samurai Shodown (U)|194.3K
Sanrio%20World%20Smash%20Ball%21.zip|Sanrio World Smash Ball!|2.0M
Saturday%20Night%20Slam%20Masters%20%28U%29.zip|Saturday Night Slam Masters (U)|1.4M
Scooby-Doo%20%28U%29%20%5B%21%5D.zip|Scooby-Doo (U) [!]|1.4M
SeaQuest%20DSV%20%28U%29.zip|SeaQuest DSV (U)|2.2M
Secret%20of%20Evermore%20%28U%29%20%5B%21%5D.zip|Secret of Evermore (U) [!]|1.3M
Secret%20of%20Mana%20%28U%29%20%5B%21%5D.zip|Secret of Mana (U) [!]|615.9K
Secret%20of%20the%20Stars%20%28U%29.zip|Secret of the Stars (U)|2.7M
Seiken%20Densetsu%203.zip|Seiken Densetsu 3|504.7K
Sengoku%20Denshou.zip|Sengoku Denshou|1.3M
Shadow%2C%20The%20%28U%29.zip|Shadow, The (U)|679.3K
Shadowrun%20%28U%29%20%5B%21%5D.zip|Shadowrun (U) [!]|379.0K
Shanghai%20II%20-%20Dragon%27s%20Eye%20%28U%29%20%5B%21%5D.zip|Shanghai II - Dragon's Eye (U) [!]|1.6M
Shaq%20Fu%20%28U%29%20%5B%21%5D.zip|Shaq Fu (U) [!]|1.1M
Shien%27s%20Revenge%20%28U%29.zip|Shien's Revenge (U)|1.1M
Shin%20Kidou%20Senki%20Gundam%20W%20-%20Endless%20Duel.zip|Shin Kidou Senki Gundam W - Endless Duel|1.5M
Shin%20Megami%20Tensei%20II.zip|Shin Megami Tensei II|790.4K
Shin%20Megami%20Tensei.zip|Shin Megami Tensei|1.4M
Shin%20Nekketsu%20Kouha%20-%20Kunio-tachi%20no%20Banka.zip|Shin Nekketsu Kouha - Kunio-tachi no Banka|630.7K
Shodai%20Nekketsu%20Kouha%20Kunio-kun.zip|Shodai Nekketsu Kouha Kunio-kun|594.3K
Side%20Pocket%20%28U%29.zip|Side Pocket (U)|1.4M
Silva%20Saga%20II%20-%20The%20Legend%20of%20Light%20and%20Darkness.zip|Silva Saga II - The Legend of Light and Darkness|675.7K
Sim%20Ant%20%28U%29%20%2849046%29.zip|Sim Ant (U) (49046)|297.6K
Sim%20City%20%28U%29%20%5B%21%5D.zip|Sim City (U) [!]|829.7K
Sim%20City%202000%20%28U%29.zip|Sim City 2000 (U)|590.5K
Sim%20Earth%20-%20The%20Living%20Planet%20%28U%29%20%5B%21%5D.zip|Sim Earth - The Living Planet (U) [!]|664.1K
Simpsons%2C%20The%20-%20Bart%27s%20Nightmare%20%28U%29%20%5B%21%5D.zip|Simpsons, The - Bart's Nightmare (U) [!]|305.0K
Sink%20or%20Swim%20%28U%29.zip|Sink or Swim (U)|413.1K
Skuljagger%20-%20Revolt%20of%20the%20Westicans%20%28U%29.zip|Skuljagger - Revolt of the Westicans (U)|584.4K
Sky%20Blazer%20%28U%29%20%5B%21%5D.zip|Sky Blazer (U) [!]|357.9K
Smart%20Ball%20%28U%29.zip|Smart Ball (U)|1.5M
Snoopy%20Concert.zip|Snoopy Concert|625.4K
Snow%20White%20in%20Happily%20Ever%20After%20%28U%29.zip|Snow White in Happily Ever After (U)|654.1K
Socks%20the%20Cat%20Rocks%20the%20Hill.zip|Socks the Cat Rocks the Hill|964.9K
Soldiers%20of%20Fortune%20%28U%29%20%5B%21%5D.zip|Soldiers of Fortune (U) [!]|607.7K
Sonic%20Blast%20Man%20%28U%29%20%5B%21%5D.zip|Sonic Blast Man (U) [!]|879.2K
Sonic%20Blast%20Man%20II%20%28U%29.zip|Sonic Blast Man II (U)|742.0K
Sonic%20the%20Hedgehog%20%28Unl%29.zip|Sonic the Hedgehog (Unl)|1.7M
Soul%20Blade.zip|Soul Blade|815.7K
Soul%20Blazer%20%28U%29%20%5B%21%5D.zip|Soul Blazer (U) [!]|1.2M
Soul%20Edge%20VS%20Samurai%20Spirits.zip|Soul Edge VS Samurai Spirits|819.4K
Space%20Ace%20%28U%29.zip|Space Ace (U)|226.3K
Space%20Football%20-%20One%20on%20One%20%28U%29.zip|Space Football - One on One (U)|105.5K
Space%20Invaders%20%28U%29%20%5B%21%5D.zip|Space Invaders (U) [!]|569.7K
Space%20Megaforce%20%28U%29%20%5B%21%5D.zip|Space Megaforce (U) [!]|255.1K
Spanky%27s%20Quest%20%28U%29.zip|Spanky's Quest (U)|812.2K
Sparkster%20%28U%29.zip|Sparkster (U)|1.4M
Spawn%20%28U%29%20%5B%21%5D.zip|Spawn (U) [!]|181.7K
Spectre%20%28U%29%20%5B%21%5D.zip|Spectre (U) [!]|1.0M
Speed%20Racer%20in%20My%20Most%20Dangerous%20Adventures%20%28U%29.zip|Speed Racer in My Most Dangerous Adventures (U)|752.1K
Speedy%20Gonzales%20-%20Los%20Gatos%20Bandidos%20%28U%29%20%28V1.1%29%20%5B%21%5D.zip|Speedy Gonzales - Los Gatos Bandidos (U) (V1.1) [!]|703.2K
Spell%20Craft%20%28U%29.zip|Spell Craft (U)|1.2M
Spider-Man%20%26%20Venom%20-%20Maximum%20Carnage%20%28U%29.zip|Spider-Man & Venom - Maximum Carnage (U)|1.3M
Spider-Man%20%26%20Venom%20-%20Separation%20Anxiety%20%28U%29.zip|Spider-Man & Venom - Separation Anxiety (U)|1.4M
Spider-Man%20%28U%29.zip|Spider-Man (U)|625.7K
Spider-Man%20and%20the%20X-Men%20in%20Arcade%27s%20Revenge%20%28U%29.zip|Spider-Man and the X-Men in Arcade's Revenge (U)|479.2K
Spindizzy%20Worlds%20%28U%29.zip|Spindizzy Worlds (U)|742.4K
Sporting%20News%20Power%20Baseball%2C%20The%20%28U%29.zip|Sporting News Power Baseball, The (U)|1.3M
Sports%20Illustrated%20Championship%20Football%20%26%20Baseball%20%28U%29%20%5B%21%5D.zip|Sports Illustrated Championship Football & Baseball (U) [!]|594.0K
Star%20Fox%20%28Super%20Weekend%20Competition%20Cartridge%29.zip|Star Fox (Super Weekend Competition Cartridge)|607.9K
Star%20Fox%20%28U%29%20%28V1.2%29%20%5B%21%5D.zip|Star Fox (U) (V1.2) [!]|666.6K
Star%20Fox%202%20%28USA%29.zip|Star Fox 2 (USA)|10.2M
Star%20Ocean%20%23%20SNES.zip|Star Ocean # SNES|5.1M
Star%20Ocean.zip|Star Ocean|685.8K
Star%20Trek%20-%20Deep%20Space%20Nine%20-%20Crossroads%20of%20Time%20%28U%29%20%5B%21%5D.zip|Star Trek - Deep Space Nine - Crossroads of Time (U) [!]|403.4K
Star%20Trek%20-%20Starfleet%20Academy%20Starship%20Bridge%20Simulator%20%28U%29.zip|Star Trek - Starfleet Academy Starship Bridge Simulator (U)|1.3M
Star%20Trek%20-%20The%20Next%20Generation%20-%20Future%27s%20Past%20%28U%29%20%5B%21%5D.zip|Star Trek - The Next Generation - Future's Past (U) [!]|1.3M
Stargate%20%28U%29%20%5B%21%5D.zip|Stargate (U) [!]|233.6K
Steel%20Talons%20%28U%29.zip|Steel Talons (U)|581.5K
Sterling%20Sharpe%20-%20End%202%20End%20%28U%29.zip|Sterling Sharpe - End 2 End (U)|1.3M
Stone%20Protectors%20%28U%29.zip|Stone Protectors (U)|613.1K
Street%20Combat%20%28U%29%20%5B%21%5D.zip|Street Combat (U) [!]|3.5M
Street%20Fighter%20Alpha%202%20%28U%29%20%5B%21%5D.zip|Street Fighter Alpha 2 (U) [!]|1.2M
Street%20Fighter%20EX%20plus%20Alpha.zip|Street Fighter EX plus Alpha|1.3M
Street%20Fighter%20II%20-%20The%20World%20Warrior%20%28U%29%20%5B%21%5D.zip|Street Fighter II - The World Warrior (U) [!]|1.6M
Street%20Fighter%20II%20Turbo%20-%20Hyper%20Fighting%20%28U%29%20%5B%21%5D.zip|Street Fighter II Turbo - Hyper Fighting (U) [!]|1.2M
Street%20Fighter%20III%20-%20Super%20Version.zip|Street Fighter III - Super Version|2.0M
Street%20Hockey%20%2795%20%28U%29%20%5B%21%5D.zip|Street Hockey '95 (U) [!]|693.7K
Street%20Racer%20%28U%29.zip|Street Racer (U)|405.1K
Strike%20Gunner%20%28U%29%20%5B%21%5D.zip|Strike Gunner (U) [!]|567.3K
Stunt%20Race%20FX%20%28U%29%20%5B%21%5D.zip|Stunt Race FX (U) [!]|753.5K
Sunset%20Riders%20%28U%29%20%5B%21%5D.zip|Sunset Riders (U) [!]|482.2K
Super%203D%20Noah%27s%20Ark.zip|Super 3D Noah's Ark|519.9K
Super%20Adventure%20Island%20%28U%29%20%5B%21%5D.zip|Super Adventure Island (U) [!]|776.6K
Super%20Adventure%20Island%20II%20%28U%29%20%5B%21%5D.zip|Super Adventure Island II (U) [!]|727.3K
Super%20Alfred%20Chicken%20%28U%29%20%5B%21%5D.zip|Super Alfred Chicken (U) [!]|248.2K
Super%20Aquatic%20Games%2C%20The%20%28U%29.zip|Super Aquatic Games, The (U)|683.2K
Super%20Back%20to%20the%20Future%20Part%20II.zip|Super Back to the Future Part II|193.5K
Super%20Baseball%20Simulator%201.000%20%28U%29%20%5B%21%5D.zip|Super Baseball Simulator 1.000 (U) [!]|404.4K
Super%20Bases%20Loaded%20%28U%29%20%5B%21%5D.zip|Super Bases Loaded (U) [!]|549.4K
Super%20Bases%20Loaded%202%20%28U%29.zip|Super Bases Loaded 2 (U)|824.6K
Super%20Bases%20Loaded%203%20-%20License%20to%20Steal%20%28U%29%20%28V1.0%29%20%5B%21%5D.zip|Super Bases Loaded 3 - License to Steal (U) (V1.0) [!]|551.3K
Super%20Batter%20Up%20%28U%29.zip|Super Batter Up (U)|211.4K
Super%20Battleship%20%28U%29.zip|Super Battleship (U)|341.2K
Super%20Battletank%20-%20War%20in%20the%20Gulf%20%28U%29%20%28V1.1%29%20%5B%21%5D.zip|Super Battletank - War in the Gulf (U) (V1.1) [!]|1.1M
Super%20Battletank%202%20%28U%29.zip|Super Battletank 2 (U)|696.4K
Super%20Black%20Bass%20%28U%29%20%5B%21%5D.zip|Super Black Bass (U) [!]|297.2K
Super%20Bomberman%20%28U%29.zip|Super Bomberman (U)|431.4K
Super%20Bomberman%202%20%28U%29%20%5B%21%5D.zip|Super Bomberman 2 (U) [!]|876.7K
Super%20Bomberman%204.zip|Super Bomberman 4|869.2K
Super%20Bonk%20%28U%29.zip|Super Bonk (U)|287.4K
Super%20Boss%20Gaiden.zip|Super Boss Gaiden|199.9K
Super%20Bowling%20%28U%29.zip|Super Bowling (U)|354.8K
Super%20Buster%20Bros.%20%28U%29%20%28V1.1%29.zip|Super Buster Bros. (U) (V1.1)|335.8K
Super%20Caesars%20Palace%20%28U%29%20%5B%21%5D.zip|Super Caesars Palace (U) [!]|826.7K
Super%20Castlevania%20IV%20%28U%29%20%5B%21%5D.zip|Super Castlevania IV (U) [!]|484.3K
Super%20Chase%20H.Q.%20%28U%29.zip|Super Chase H.Q. (U)|554.8K
Super%20Conflict%20-%20The%20Mideast%20%28U%29%20%5B%21%5D.zip|Super Conflict - The Mideast (U) [!]|672.4K
Super%20Double%20Dragon%20%28U%29.zip|Super Double Dragon (U)|543.0K
Super%20Earth%20Defense%20Force%20%28U%29%20%5B%21%5D.zip|Super Earth Defense Force (U) [!]|1.7M
Super%20Fire%20Pro%20Wrestling%20-%20Queen%27s%20Special.zip|Super Fire Pro Wrestling - Queen's Special|2.3M
Super%20Fire%20Pro%20Wrestling%20X%20Premium.zip|Super Fire Pro Wrestling X Premium|711.5K
Super%20Gachapon%20World%20-%20SD%20Gundam%20X.zip|Super Gachapon World - SD Gundam X|151.3K
Super%20Game%20Boy%20%28UE%29%20%28V1.2%29%20%5B%21%5D.zip|Super Game Boy (UE) (V1.2) [!]|655.2K
Super%20Ghouls%20%27N%20Ghosts%20%28U%29%20%5B%21%5D.zip|Super Ghouls 'N Ghosts (U) [!]|652.4K
Super%20Ghouls%20%27N%20Ghosts%20%28USA%2C%20Europe%29%20%28Virtual%20Console%2C%20Classic%20Mini%2C%20Switch%20Online%29.zip|Super Ghouls 'N Ghosts (USA, Europe) (Virtual Console, Classic Mini, Switch Online)|504.2K
Super%20Goal%21%20%28U%29.zip|Super Goal! (U)|271.3K
Super%20Goal%21%202%20%28U%29.zip|Super Goal! 2 (U)|736.7K
Super%20Godzilla%20%28U%29.zip|Super Godzilla (U)|802.2K
Super%20Gussun%20Oyoyo%202.zip|Super Gussun Oyoyo 2|807.8K
Super%20High%20Impact%20%28U%29.zip|Super High Impact (U)|355.9K
Super%20James%20Pond%20%28U%29.zip|Super James Pond (U)|950.6K
Super%20Mario%20All-Stars%20%28U%29%20%5B%21%5D.zip|Super Mario All-Stars (U) [!]|948.6K
Super%20Mario%20All-Stars%20%28USA%29%20%28Wii%29.zip|Super Mario All-Stars (USA) (Wii)|948.6K
Super%20Mario%20All-Stars%20%28USA%2C%20Europe%29%20%28Switch%20Online%29.zip|Super Mario All-Stars (USA, Europe) (Switch Online)|1.3M
Super%20Mario%20All-Stars%20%2B%20Super%20Mario%20World%20%28U%29%20%5B%21%5D.zip|Super Mario All-Stars + Super Mario World (U) [!]|345.8K
Super%20Mario%20Kart%20%28U%29%20%5B%21%5D.zip|Super Mario Kart (U) [!]|2.6M
Super%20Mario%20RPG%20-%20Legend%20of%20the%20Seven%20Stars%20%28U%29%20%5B%21%5D.zip|Super Mario RPG - Legend of the Seven Stars (U) [!]|79.9K
Super%20Mario%20War%20HOL%20%28Hack%29.zip|Super Mario War HOL (Hack)|339.1K
Super%20Mario%20World%20%28U%29%20%5B%21%5D.zip|Super Mario World (U) [!]|337.7K
Super%20Mario%20World%20%28USA%2C%20Europe%29%20%28Virtual%20Console%2C%20Classic%20Mini%2C%20Switch%20Online%29.zip|Super Mario World (USA, Europe) (Virtual Console, Classic Mini, Switch Online)|1.2M
Super%20Mario%20World%202%20-%20Yoshi%27s%20Island%20%28U%29%20%28M3%29%20%28V1.1%29.zip|Super Mario World 2 - Yoshi's Island (U) (M3) (V1.1)|1.5M
Super%20Metroid%20%28JU%29%20%5B%21%5D.zip|Super Metroid (JU) [!]|1.5M
Super%20Metroid%20%28USA%2C%20Europe%29%20%28En%2CJa%29%20%28Virtual%20Console%2C%20Classic%20Mini%2C%20Switch%20Online%29.zip|Super Metroid (USA, Europe) (En,Ja) (Virtual Console, Classic Mini, Switch Online)|498.0K
Super%20NES%20Super%20Scope%206%20%28U%29%20%5B%21%5D.zip|Super NES Super Scope 6 (U) [!]|512.6K
Super%20Ninja%20Boy%20%28U%29.zip|Super Ninja Boy (U)|493.1K
Super%20Noah%27s%20Ark%203D%20%28U%29%20%5B%21%5D.zip|Super Noah's Ark 3D (U) [!]|578.3K
Super%20Nova%20%28U%29.zip|Super Nova (U)|223.6K
Super%20Off%20Road%20%28U%29%20%5B%21%5D.zip|Super Off Road (U) [!]|670.1K
Super%20Off%20Road%20-%20The%20Baja%20%28U%29.zip|Super Off Road - The Baja (U)|409.4K
Super%20Pinball%20-%20Behind%20the%20Mask%20%28U%29%20%5B%21%5D.zip|Super Pinball - Behind the Mask (U) [!]|446.6K
Super%20Play%20Action%20Football%20%28U%29%20%5B%21%5D.zip|Super Play Action Football (U) [!]|1.4M
Super%20Punch-Out%21%21%20%28U%29%20%5B%21%5D.zip|Super Punch-Out!! (U) [!]|576.7K
Super%20Putty%20%28U%29.zip|Super Putty (U)|1.2M
Super%20Puyo%20Puyo%20Tsuu.zip|Super Puyo Puyo Tsuu|403.6K
Super%20R-Type%20%28U%29%20%5B%21%5D.zip|Super R-Type (U) [!]|670.2K
Super%20R.B.I.%20Baseball%20%28U%29.zip|Super R.B.I. Baseball (U)|566.1K
Super%20Shadow%20of%20the%20Beast%20%28U%29.zip|Super Shadow of the Beast (U)|392.3K
Super%20Slapshot%20%28U%29.zip|Super Slapshot (U)|365.7K
Super%20Smash%20T.V.%20%28U%29.zip|Super Smash T.V. (U)|253.1K
Super%20Soccer%20%28U%29.zip|Super Soccer (U)|240.6K
Super%20Soccer%20Champ%20%28U%29%20%5B%21%5D.zip|Super Soccer Champ (U) [!]|345.8K
Super%20Solitaire%20%28U%29.zip|Super Solitaire (U)|10.7K
Super%20Star%20Force%20%28U%29%20%5Bt1S%5D.zip|Super Star Force (U) [t1S]|854.0K
Super%20Star%20Wars%20%28U%29%20%28V1.1%29%20%5B%21%5D.zip|Super Star Wars (U) (V1.1) [!]|1.6M
Super%20Star%20Wars%20-%20Return%20of%20the%20Jedi%20%28U%29%20%28V1.1%29%20%5B%21%5D.zip|Super Star Wars - Return of the Jedi (U) (V1.1) [!]|1.2M
Super%20Star%20Wars%20-%20The%20Empire%20Strikes%20Back%20%28U%29%20%28V1.1%29%20%5B%21%5D.zip|Super Star Wars - The Empire Strikes Back (U) (V1.1) [!]|2.7M
Super%20Street%20Fighter%20II%20%28USA%29%20%28Rev%201%29%20%28Virtual%20Console%29.zip|Super Street Fighter II (USA) (Rev 1) (Virtual Console)|2.7M
Super%20Street%20Fighter%20II%20-%20The%20New%20Challengers%20%28U%29.zip|Super Street Fighter II - The New Challengers (U)|663.9K
Super%20Strike%20Eagle%20%28U%29%20%5B%21%5D.zip|Super Strike Eagle (U) [!]|259.5K
Super%20Tennis%20%28U%29%20%5B%21%5D.zip|Super Tennis (U) [!]|258.1K
Super%20Tennis%20%28USA%29%20%28Arcade%29.zip|Super Tennis (USA) (Arcade)|331.1K
Super%20Troll%20Islands%20%28U%29.zip|Super Troll Islands (U)|390.5K
Super%20Turrican%20%28U%29.zip|Super Turrican (U)|1.6M
Super%20Turrican%202%20%28U%29%20%5B%21%5D.zip|Super Turrican 2 (U) [!]|280.4K
Super%20Ultra%20Baseball%202.zip|Super Ultra Baseball 2|674.0K
Super%20Valis%20IV%20%28U%29.zip|Super Valis IV (U)|546.4K
Super%20Widget%20%28U%29.zip|Super Widget (U)|512.2K
Suzuka%208%20Hours%20%28U%29.zip|Suzuka 8 Hours (U)|473.7K
Sydney%20Hunter%20and%20the%20Caverns%20of%20Death.zip|Sydney Hunter and the Caverns of Death|851.8K
Syndicate%20%28U%29.zip|Syndicate (U)|682.7K
T2%20-%20The%20Arcade%20Game%20%28U%29.zip|T2 - The Arcade Game (U)|297.0K
TKO%20Super%20Championship%20Boxing%20%28U%29.zip|TKO Super Championship Boxing (U)|933.8K
TNN%20Bass%20Tournament%20of%20Champions%20%28U%29.zip|TNN Bass Tournament of Champions (U)|2.5M
Tactics%20Ogre%20-%20Let%20Us%20Cling%20Together.zip|Tactics Ogre - Let Us Cling Together|4.4M
Tales%20of%20Phantasia%20%28ENG%29%20%23%20SNES.zip|Tales of Phantasia (ENG) # SNES|4.3M
Tales%20of%20Phantasia.zip|Tales of Phantasia|575.1K
Taz-Mania%20%28U%29%20%5B%21%5D.zip|Taz-Mania (U) [!]|967.8K
Tecmo%20Super%20Baseball%20%28U%29.zip|Tecmo Super Baseball (U)|678.4K
Tecmo%20Super%20Bowl%20%28U%29%20%5B%21%5D.zip|Tecmo Super Bowl (U) [!]|877.0K
Tecmo%20Super%20Bowl%20II%20-%20Special%20Edition%20%28U%29.zip|Tecmo Super Bowl II - Special Edition (U)|933.2K
Tecmo%20Super%20Bowl%20III%20-%20Final%20Edition%20%28U%29%20%5B%21%5D.zip|Tecmo Super Bowl III - Final Edition (U) [!]|583.0K
Tecmo%20Super%20NBA%20Basketball%20%28U%29.zip|Tecmo Super NBA Basketball (U)|1.6M
Teenage%20Mutant%20Ninja%20Turtles%20-%20Tournament%20Fighters%20%28U%29.zip|Teenage Mutant Ninja Turtles - Tournament Fighters (U)|790.0K
Teenage%20Mutant%20Ninja%20Turtles%20IV%20-%20Turtles%20in%20Time%20%28U%29%20%5B%21%5D.zip|Teenage Mutant Ninja Turtles IV - Turtles in Time (U) [!]|769.4K
Tekken%202.zip|Tekken 2|1.1M
Tenchi%20Muyou%21%20-%20Game%20Hen.zip|Tenchi Muyou! - Game Hen|1.2M
Tenshi%20no%20Uta%20-%20Shiroki%20Tsubasa%20no%20Inori.zip|Tenshi no Uta - Shiroki Tsubasa no Inori|716.7K
Terminator%202%20-%20Judgment%20Day%20%28U%29%20%5B%21%5D.zip|Terminator 2 - Judgment Day (U) [!]|660.3K
Terminator%2C%20The%20%28U%29.zip|Terminator, The (U)|498.2K
Test%20Drive%20II%20-%20The%20Duel%20%28U%29%20%2824291%29.zip|Test Drive II - The Duel (U) (24291)|224.7K
Tetris%20%26%20Dr.%20Mario%20%28U%29%20%5B%21%5D.zip|Tetris & Dr. Mario (U) [!]|663.9K
Tetris%202%20%28U%29%20%28V1.1%29%20%5B%21%5D.zip|Tetris 2 (U) (V1.1) [!]|716.2K
Tetris%20Attack%20%28U%29%20%5B%21%5D.zip|Tetris Attack (U) [!]|778.4K
Thomas%20the%20Tank%20Engine%20and%20Friends%20%28U%29%20%5B%21%5D.zip|Thomas the Tank Engine and Friends (U) [!]|636.7K
Thunder%20Spirits%20%28U%29%20%5B%21%5D.zip|Thunder Spirits (U) [!]|1.0M
Tick%2C%20The%20%28U%29%20%5B%21%5D.zip|Tick, The (U) [!]|661.3K
Time%20Trax%20%28U%29.zip|Time Trax (U)|524.7K
TimeSlip%20%28U%29%20%5B%21%5D.zip|TimeSlip (U) [!]|1.3M
Timecop%20%28U%29%20%5B%21%5D.zip|Timecop (U) [!]|1.0M
Timon%20%26%20Pumbaa%27s%20Jungle%20Games%20%28U%29%20%5B%21%5D.zip|Timon & Pumbaa's Jungle Games (U) [!]|1.1M
Tin%20Star%20%28U%29%20%5B%21%5D.zip|Tin Star (U) [!]|846.8K
Tiny%20Toon%20Adventures%20-%20Buster%20Busts%20Loose%21%20%28U%29%20%5B%21%5D.zip|Tiny Toon Adventures - Buster Busts Loose! (U) [!]|834.6K
Tiny%20Toon%20Adventures%20-%20Wacky%20Sports%20Challenge%20%28U%29.zip|Tiny Toon Adventures - Wacky Sports Challenge (U)|296.6K
Tom%20%26%20Jerry%20%28U%29.zip|Tom & Jerry (U)|524.0K
Tony%20Meola%27s%20Sidekicks%20Soccer%20%28U%29.zip|Tony Meola's Sidekicks Soccer (U)|307.0K
Top%20Gear%20%28U%29%20%5B%21%5D.zip|Top Gear (U) [!]|621.4K
Top%20Gear%202%20%28U%29%20%5B%21%5D.zip|Top Gear 2 (U) [!]|763.7K
Top%20Gear%203000%20%28U%29%20%5B%21%5D.zip|Top Gear 3000 (U) [!]|778.5K
Torneko%20no%20Daibouken%20-%20Fushigi%20no%20Dungeon.zip|Torneko no Daibouken - Fushigi no Dungeon|644.4K
Total%20Carnage%20%28U%29%20%5B%21%5D.zip|Total Carnage (U) [!]|2.8M
Toy%20Story%20%28U%29%20%5B%21%5D.zip|Toy Story (U) [!]|477.5K
Toys%20%28U%29%20%5B%21%5D.zip|Toys (U) [!]|2.1M
Treasure%20Hunter%20G.zip|Treasure Hunter G|396.9K
Troddlers%20%28U%29%20%5B%21%5D.zip|Troddlers (U) [!]|945.4K
Troy%20Aikman%20NFL%20Football%20%28U%29%20%5B%21%5D.zip|Troy Aikman NFL Football (U) [!]|1.5M
True%20Lies%20%28U%29%20%5B%21%5D.zip|True Lies (U) [!]|1.1M
Tuff%20E%20Nuff%20%28U%29%20%5B%21%5D.zip|Tuff E Nuff (U) [!]|764.2K
Turn%20and%20Burn%20-%20No-Fly%20Zone%20%28U%29%20%5B%21%5D.zip|Turn and Burn - No-Fly Zone (U) [!]|715.9K
TwinBee%20-%20Rainbow%20Bell%20Adventure.zip|TwinBee - Rainbow Bell Adventure|746.9K
Twisted%20Tales%20of%20Spike%20McFang%2C%20The%20%28U%29.zip|Twisted Tales of Spike McFang, The (U)|557.8K
U.N.%20Squadron%20%28U%29%20%5B%21%5D.zip|U.N. Squadron (U) [!]|722.1K
Uchuu%20no%20Kishi%20-%20Tekkaman%20Blade.zip|Uchuu no Kishi - Tekkaman Blade|653.1K
Ultima%20-%20Runes%20of%20Virtue%20II%20%28U%29%20%5B%21%5D.zip|Ultima - Runes of Virtue II (U) [!]|661.2K
Ultima%20VI%20-%20The%20False%20Prophet%20%28U%29.zip|Ultima VI - The False Prophet (U)|581.4K
Ultima%20VII%20-%20The%20Black%20Gate%20%28U%29.zip|Ultima VII - The Black Gate (U)|1.0M
Ultimate%20Fighter%20%28U%29.zip|Ultimate Fighter (U)|3.3M
Ultimate%20Mortal%20Kombat%203%20%28U%29.zip|Ultimate Mortal Kombat 3 (U)|225.9K
Ultra%20Baseball%20Jitsumeiban.zip|Ultra Baseball Jitsumeiban|332.8K
Ultraman%20-%20Towards%20the%20Future%20%28U%29%20%5B%21%5D.zip|Ultraman - Towards the Future (U) [!]|631.9K
Umihara%20Kawase.zip|Umihara Kawase|479.6K
Uncharted%20Waters%20%28U%29.zip|Uncharted Waters (U)|1.2M
Uncharted%20Waters%20-%20New%20Horizons%20%28U%29.zip|Uncharted Waters - New Horizons (U)|1.4M
Unholy%20Night%20-%20The%20Darkness%20Hunter.zip|Unholy Night - The Darkness Hunter|1.0M
Uniracers%20%28U%29%20%5B%21%5D.zip|Uniracers (U) [!]|273.4K
Universal%20Soldier%20%28U%29.zip|Universal Soldier (U)|841.4K
Untouchables%2C%20The%20%28U%29.zip|Untouchables, The (U)|1,016.9K
Urban%20Strike%20%28U%29%20%5B%21%5D.zip|Urban Strike (U) [!]|357.7K
Utopia%20-%20The%20Creation%20of%20a%20Nation%20%28U%29%20%5B%21%5D.zip|Utopia - The Creation of a Nation (U) [!]|745.0K
Vegas%20Stakes%20%28U%29%20%5B%21%5D.zip|Vegas Stakes (U) [!]|1.5M
Virtual%20Bart%20%28U%29%20%5B%21%5D.zip|Virtual Bart (U) [!]|558.4K
Virtual%20Soccer%20%28U%29%20%28NG-Dump%20Known%29.zip|Virtual Soccer (U) (NG-Dump Known)|323.0K
Vortex%20%28U%29%20%5B%21%5D.zip|Vortex (U) [!]|1.0M
WCW%20Super%20Brawl%20Wrestling%20%28U%29%20%5B%21%5D.zip|WCW Super Brawl Wrestling (U) [!]|2.4M
WWF%20Raw%20%28U%29%20%5B%21%5D.zip|WWF Raw (U) [!]|1.6M
WWF%20Royal%20Rumble%20%28U%29.zip|WWF Royal Rumble (U)|742.9K
WWF%20Super%20WrestleMania%20%28U%29%20%5B%21%5D.zip|WWF Super WrestleMania (U) [!]|2.4M
WWF%20WrestleMania%20-%20The%20Arcade%20Game%20%28U%29%20%5B%21%5D.zip|WWF WrestleMania - The Arcade Game (U) [!]|670.8K
Waialae%20Country%20Club%20%28U%29.zip|Waialae Country Club (U)|854.4K
War%202410%20%28U%29.zip|War 2410 (U)|445.0K
War%203010%20-%20The%20Revolution%20%28U%29.zip|War 3010 - The Revolution (U)|592.7K
Wario%27s%20Woods%20%28U%29%20%5B%21%5D.zip|Wario's Woods (U) [!]|1.3M
Warlock%20%28U%29%20%5B%21%5D.zip|Warlock (U) [!]|451.5K
WarpSpeed%20%28U%29%20%5B%21%5D.zip|WarpSpeed (U) [!]|1.1M
Wayne%20Gretzky%20and%20the%20NHLPA%20All-Stars%20%28U%29%20%5B%21%5D.zip|Wayne Gretzky and the NHLPA All-Stars (U) [!]|763.1K
Wayne%27s%20World%20%28U%29%20%5B%21%5D.zip|Wayne's World (U) [!]|599.6K
We%27re%20Back%21%20-%20A%20Dinosaur%27s%20Story%20%28U%29.zip|We're Back! - A Dinosaur's Story (U)|2.1M
Weapon%20Lord%20%28U%29%20%5B%21%5D.zip|Weapon Lord (U) [!]|312.6K
Wheel%20of%20Fortune%20%28U%29.zip|Wheel of Fortune (U)|346.5K
Wheel%20of%20Fortune%20-%20Deluxe%20Edition%20%28U%29.zip|Wheel of Fortune - Deluxe Edition (U)|757.5K
Where%20in%20Time%20is%20Carmen%20Sandiego%20%28U%29%20%5B%21%5D.zip|Where in Time is Carmen Sandiego (U) [!]|671.6K
Where%20in%20the%20World%20is%20Carmen%20Sandiego%20%28U%29.zip|Where in the World is Carmen Sandiego (U)|558.1K
Whizz%20%28U%29%20%5B%21%5D.zip|Whizz (U) [!]|638.8K
Wicked%2018%20Golf%20%28U%29.zip|Wicked 18 Golf (U)|692.2K
Wild%20Guns%20%28U%29.zip|Wild Guns (U)|400.8K
WildSnake%20%28U%29%20%5B%21%5D.zip|WildSnake (U) [!]|800.0K
Wing%20Commander%20%28U%29%20%5B%21%5D.zip|Wing Commander (U) [!]|798.3K
Wing%20Commander%20-%20The%20Secret%20Missions%20%28U%29.zip|Wing Commander - The Secret Missions (U)|284.2K
Wings%202%20-%20Aces%20High%20%28U%29%20%5B%21%5D.zip|Wings 2 - Aces High (U) [!]|507.3K
Winter%20Extreme%20Skiing%20and%20Snowboarding%20%28U%29%20%5B%21%5D.zip|Winter Extreme Skiing and Snowboarding (U) [!]|892.7K
Winter%20Olympic%20Games%20-%20Lillehammer%20%2794%20%28U%29%20%28M8%29.zip|Winter Olympic Games - Lillehammer '94 (U) (M8)|830.4K
Wizard%20of%20Oz%2C%20The%20%28U%29%20%5B%21%5D.zip|Wizard of Oz, The (U) [!]|1.4M
Wizardry%20I-II-III%20-%20Story%20of%20Llylgamyn.zip|Wizardry I-II-III - Story of Llylgamyn|847.1K
Wizardry%20V%20-%20Heart%20of%20the%20Maelstrom%20%28U%29%20%5B%21%5D.zip|Wizardry V - Heart of the Maelstrom (U) [!]|432.5K
Wolf%20Child%20%28U%29%20%5B%21%5D.zip|Wolf Child (U) [!]|548.7K
Wolfenstein%203D%20%28U%29.zip|Wolfenstein 3D (U)|1.2M
Wolverine%20-%20Adamantium%20Rage%20%28U%29%20%5B%21%5D.zip|Wolverine - Adamantium Rage (U) [!]|1.9M
Wonder%20Project%20J%20-%20Kikai%20no%20Shonen%20Pino.zip|Wonder Project J - Kikai no Shonen Pino|392.2K
Wordtris%20%28U%29%20%5B%21%5D.zip|Wordtris (U) [!]|737.2K
World%20Cup%20USA%2094%20%28U%29.zip|World Cup USA 94 (U)|1.3M
World%20Heroes%20%28U%29%20%5B%21%5D.zip|World Heroes (U) [!]|2.0M
World%20Heroes%202%20%28U%29%20%5B%21%5D.zip|World Heroes 2 (U) [!]|568.9K
World%20League%20Basketball%20%28UE%29%20%5B%21%5D.zip|World League Basketball (UE) [!]|230.4K
World%20League%20Soccer%20%28U%29%20%5B%21%5D.zip|World League Soccer (U) [!]|326.7K
World%20Soccer%2094%20-%20Road%20to%20Glory%20%28U%29.zip|World Soccer 94 - Road to Glory (U)|334.1K
X%20Zone%20%28U%29.zip|X Zone (U)|710.0K
X-Kaliber%202097%20%28U%29.zip|X-Kaliber 2097 (U)|1.3M
X-Men%20-%20Mutant%20Apocalypse%20%28U%29.zip|X-Men - Mutant Apocalypse (U)|1.1M
X-Men%20vs.%20Street%20Fighter.zip|X-Men vs. Street Fighter|638.6K
Xardion%20%28U%29%20%5B%21%5D.zip|Xardion (U) [!]|536.5K
Yogi%20Bear%20%28U%29%20%5B%21%5D.zip|Yogi Bear (U) [!]|283.1K
Yoshi%27s%20Cookie%20%28U%29.zip|Yoshi's Cookie (U)|619.2K
Yoshi%27s%20Safari%20%28U%29%20%5B%21%5D.zip|Yoshi's Safari (U) [!]|1.3M
Young%20Merlin%20%28U%29.zip|Young Merlin (U)|1.0M
Ys%204%20-%20Mask%20of%20the%20Sun%20%28ENG%29%20%23%20SNES.zip|Ys 4 - Mask of the Sun (ENG) # SNES|538.8K
Ys%20III%20-%20Wanderers%20from%20Ys%20%28U%29%20%5B%21%5D.zip|Ys III - Wanderers from Ys (U) [!]|1.0M
Ys%20IV%20-%20Mask%20of%20the%20Sun.zip|Ys IV - Mask of the Sun|2.2M
Ys%20V%20-%20Ushinawareta%20Suna%20no%20Miyako%20Kefin.zip|Ys V - Ushinawareta Suna no Miyako Kefin|375.5K
Yume%20Meikyuu%20-%20Kigurumi%20Daibouken.zip|Yume Meikyuu - Kigurumi Daibouken|1.2M
Zero%20the%20Kamikaze%20Squirrel%20%28U%29%20%5B%21%5D.zip|Zero the Kamikaze Squirrel (U) [!]|590.7K
Zombies%20Ate%20My%20Neighbors%20%28U%29%20%5B%21%5D.zip|Zombies Ate My Neighbors (U) [!]|752.0K
Zool%20%28U%29.zip|Zool (U)|304.0K
